date,dimension,label,percent
2021-10-26,os,Raspberry Pi OS (32-bit),37.99
2021-10-26,os,Raspberry Pi OS (other),22.57
2021-10-26,os,Ubuntu,14.95
2021-10-26,os,OctoPi,5.91
2021-10-26,os,Bootloader,4.83
2021-10-26,os,RetroPie,3.77
2021-10-26,os,Recalbox,2.50
2021-10-26,os,Manjaro ARM Linux,2.01
2021-10-26,os,LibreELEC,1.39
2021-10-26,os,OSMC,1.33
2021-10-26,os,Home Assistant,1.05
2021-10-26,os,Homebridge,0.90
2021-10-26,os,RISC OS Pi,0.54
2021-10-26,os,info-beamer digital signage,0.15
2021-10-26,os,ALT,0.05
2021-10-26,os,TLXOS,0.05
2021-10-28,os,Raspberry Pi OS (32-bit),38.05
2021-10-28,os,Raspberry Pi OS (other),22.60
2021-10-28,os,Ubuntu,14.96
2021-10-28,os,OctoPi,5.96
2021-10-28,os,Bootloader,4.77
2021-10-28,os,RetroPie,3.73
2021-10-28,os,Recalbox,2.47
2021-10-28,os,Manjaro ARM Linux,2.03
2021-10-28,os,LibreELEC,1.37
2021-10-28,os,OSMC,1.32
2021-10-28,os,Home Assistant,1.05
2021-10-28,os,Homebridge,0.89
2021-10-28,os,RISC OS Pi,0.54
2021-10-28,os,info-beamer digital signage,0.15
2021-10-28,os,ALT,0.05
2021-10-28,os,TLXOS,0.05
2021-11-27,os,Raspberry Pi OS (32-bit),39.58
2021-11-27,os,Raspberry Pi OS (other),24.11
2021-11-27,os,Ubuntu,12.17
2021-11-27,os,OctoPi,5.74
2021-11-27,os,RetroPie,4.82
2021-11-27,os,Bootloader,4.08
2021-11-27,os,Recalbox,2.58
2021-11-27,os,Manjaro ARM Linux,1.89
2021-11-27,os,LibreELEC,1.24
2021-11-27,os,OSMC,1.21
2021-11-27,os,Home Assistant,0.98
2021-11-27,os,Homebridge,0.84
2021-11-27,os,RISC OS Pi,0.52
2021-11-27,os,info-beamer digital signage,0.14
2021-11-27,os,ALT,0.05
2021-11-27,os,TLXOS,0.04
2021-11-27,os,Apertis (daily build),0.02
2021-11-27,os,Apertis,0.00
2021-11-30,os,Raspberry Pi OS (32-bit),39.59
2021-11-30,os,Raspberry Pi OS (other),24.26
2021-11-30,os,Ubuntu,11.88
2021-11-30,os,OctoPi,5.77
2021-11-30,os,RetroPie,4.90
2021-11-30,os,Bootloader,4.07
2021-11-30,os,Recalbox,2.61
2021-11-30,os,Manjaro ARM Linux,1.86
2021-11-30,os,LibreELEC,1.24
2021-11-30,os,OSMC,1.22
2021-11-30,os,Home Assistant,0.98
2021-11-30,os,Homebridge,0.86
2021-11-30,os,RISC OS Pi,0.51
2021-11-30,os,info-beamer digital signage,0.14
2021-11-30,os,ALT,0.05
2021-11-30,os,TLXOS,0.04
2021-11-30,os,Apertis (daily build),0.02
2021-11-30,os,Apertis,0.00
2022-01-19,os,Raspberry Pi OS (32-bit),35.79
2022-01-19,os,Raspberry Pi OS (other),26.92
2022-01-19,os,Ubuntu,11.36
2022-01-19,os,OctoPi,6.32
2022-01-19,os,RetroPie,4.59
2022-01-19,os,Recalbox,3.97
2022-01-19,os,Bootloader,3.85
2022-01-19,os,Manjaro ARM Linux,1.68
2022-01-19,os,OSMC,1.36
2022-01-19,os,LibreELEC,1.34
2022-01-19,os,Home Assistant,1.19
2022-01-19,os,Homebridge,0.91
2022-01-19,os,RISC OS Pi,0.47
2022-01-19,os,info-beamer digital signage,0.11
2022-01-19,os,ALT,0.05
2022-01-19,os,Apertis (daily build),0.03
2022-01-19,os,TLXOS,0.03
2022-01-19,os,OctoPi Nightlies,0.02
2022-01-19,os,Apertis,0.00
2022-02-02,os,Raspberry Pi OS (32-bit),36.16
2022-02-02,os,Raspberry Pi OS (other),27.74
2022-02-02,os,Ubuntu,11.21
2022-02-02,os,OctoPi,6.19
2022-02-02,os,RetroPie,3.93
2022-02-02,os,Bootloader,3.92
2022-02-02,os,Recalbox,3.54
2022-02-02,os,Manjaro ARM Linux,1.62
2022-02-02,os,OSMC,1.26
2022-02-02,os,LibreELEC,1.26
2022-02-02,os,Home Assistant,1.24
2022-02-02,os,Homebridge,0.91
2022-02-02,os,RISC OS Pi,0.47
2022-02-02,os,OctoPi-Klipper,0.28
2022-02-02,os,info-beamer digital signage,0.12
2022-02-02,os,OctoPi Nightlies,0.05
2022-02-02,os,ALT,0.04
2022-02-02,os,TLXOS,0.03
2022-02-02,os,Apertis (daily build),0.03
2022-02-02,os,Volumio,0.01
2022-02-02,os,FullPageOS,0.01
2022-02-02,os,Mainsail OS,0.00
2022-02-02,os,SimplyPi,0.00
2022-02-02,os,RaspberryMatic,0.00
2022-02-02,os,Apertis,0.00
2022-02-02,os,Misc utility images,0.00
2022-02-02,os,nymea,0.00
2022-02-24,os,Raspberry Pi OS (other),36.63
2022-02-24,os,Raspberry Pi OS (32-bit),31.81
2022-02-24,os,Ubuntu,9.00
2022-02-24,os,OctoPi,5.08
2022-02-24,os,Bootloader,3.70
2022-02-24,os,RetroPie,3.22
2022-02-24,os,Recalbox,3.12
2022-02-24,os,Manjaro ARM Linux,1.37
2022-02-24,os,Home Assistant,1.12
2022-02-24,os,OSMC,0.99
2022-02-24,os,LibreELEC,0.97
2022-02-24,os,Homebridge,0.71
2022-02-24,os,OctoPi-Klipper,0.65
2022-02-24,os,RISC OS Pi,0.38
2022-02-24,os,Volumio,0.31
2022-02-24,os,FullPageOS,0.26
2022-02-24,os,Mainsail OS,0.23
2022-02-24,os,info-beamer digital signage,0.11
2022-02-24,os,RaspberryMatic,0.09
2022-02-24,os,OctoPi Nightlies,0.08
2022-02-24,os,SimplyPi,0.07
2022-02-24,os,ALT,0.04
2022-02-24,os,TLXOS,0.03
2022-02-24,os,Gladys Assistant,0.03
2022-02-24,os,Apertis (daily build),0.02
2022-02-24,os,nymea,0.01
2022-02-24,os,RaspberryMatic Nightly Snapshots,0.00
2022-02-24,os,Misc utility images,0.00
2022-02-24,os,Apertis,0.00
2022-02-24,host_arch,x86_64,95.65
2022-02-24,host_arch,arm,2.53
2022-02-24,host_arch,arm64,1.22
2022-02-24,host_arch,i386,0.60
2022-02-24,locale,en_US,33.47
2022-02-24,locale,de_DE,13.04
2022-02-24,locale,en_GB,8.55
2022-02-24,locale,fr_FR,5.28
2022-02-24,locale,ja_JP,3.53
2022-02-24,locale,es_ES,2.65
2022-02-24,locale,zh_CN,2.28
2022-02-24,locale,it_IT,2.26
2022-02-24,locale,ru_RU,2.18
2022-02-24,locale,en_CA,2.06
2022-02-24,locale,nl_NL,2.05
2022-02-24,locale,en_AU,1.92
2022-02-24,locale,pt_BR,1.81
2022-02-24,locale,en_IN,1.78
2022-02-24,locale,pl_PL,1.68
2022-02-24,locale,ko_KR,1.28
2022-02-24,locale,sv_SE,0.94
2022-02-24,locale,de_AT,0.86
2022-02-24,locale,cs_CZ,0.82
2022-02-24,locale,de_CH,0.73
2022-02-24,locale,zh_TW,0.69
2022-02-24,locale,en,0.68
2022-02-24,locale,es_MX,0.62
2022-02-24,locale,da_DK,0.57
2022-02-24,locale,en_NL,0.55
2022-02-24,locale,en_DE,0.51
2022-02-24,locale,tr_TR,0.49
2022-02-24,locale,pt_PT,0.48
2022-02-24,locale,hu_HU,0.47
2022-02-24,locale,nl_BE,0.42
2022-02-24,locale,en_ZA,0.41
2022-02-24,locale,nb_NO,0.39
2022-02-24,locale,en_NZ,0.35
2022-02-24,locale,fr_CA,0.33
2022-02-24,locale,en_PH,0.30
2022-02-24,locale,es_AR,0.28
2022-02-24,locale,fi_FI,0.28
2022-02-24,locale,en_SE,0.26
2022-02-24,locale,el_GR,0.25
2022-02-24,locale,fr_BE,0.25
2022-02-24,locale,sk_SK,0.25
2022-02-24,locale,en_IE,0.24
2022-02-24,locale,en_SG,0.24
2022-02-24,locale,en_MY,0.23
2022-02-24,locale,es_CO,0.21
2022-02-24,locale,fr_CH,0.20
2022-02-24,locale,es_CL,0.20
2022-02-24,locale,en_BE,0.20
2022-02-24,locale,th_TH,0.18
2022-02-24,locale,en_DK,0.16
2022-02-24,locale,zh_HK,0.15
2022-02-25,os,Raspberry Pi OS (other),36.93
2022-02-25,os,Raspberry Pi OS (32-bit),31.61
2022-02-25,os,Ubuntu,8.96
2022-02-25,os,OctoPi,5.05
2022-02-25,os,Bootloader,3.69
2022-02-25,os,RetroPie,3.22
2022-02-25,os,Recalbox,3.12
2022-02-25,os,Manjaro ARM Linux,1.35
2022-02-25,os,Home Assistant,1.11
2022-02-25,os,OSMC,0.98
2022-02-25,os,LibreELEC,0.94
2022-02-25,os,Homebridge,0.70
2022-02-25,os,OctoPi-Klipper,0.65
2022-02-25,os,RISC OS Pi,0.37
2022-02-25,os,Volumio,0.33
2022-02-25,os,FullPageOS,0.27
2022-02-25,os,Mainsail OS,0.24
2022-02-25,os,info-beamer digital signage,0.11
2022-02-25,os,RaspberryMatic,0.09
2022-02-25,os,OctoPi Nightlies,0.08
2022-02-25,os,SimplyPi,0.07
2022-02-25,os,ALT,0.04
2022-02-25,os,TLXOS,0.03
2022-02-25,os,Gladys Assistant,0.03
2022-02-25,os,Apertis (daily build),0.02
2022-02-25,os,nymea,0.01
2022-02-25,os,RaspberryMatic Nightly Snapshots,0.00
2022-02-25,os,Misc utility images,0.00
2022-02-25,os,Apertis,0.00
2022-02-25,host_arch,x86_64,95.65
2022-02-25,host_arch,arm,2.52
2022-02-25,host_arch,arm64,1.22
2022-02-25,host_arch,i386,0.61
2022-02-25,locale,en_US,33.50
2022-02-25,locale,de_DE,13.02
2022-02-25,locale,en_GB,8.52
2022-02-25,locale,fr_FR,5.30
2022-02-25,locale,ja_JP,3.53
2022-02-25,locale,es_ES,2.64
2022-02-25,locale,zh_CN,2.31
2022-02-25,locale,it_IT,2.25
2022-02-25,locale,ru_RU,2.16
2022-02-25,locale,en_CA,2.06
2022-02-25,locale,nl_NL,2.06
2022-02-25,locale,en_AU,1.92
2022-02-25,locale,pt_BR,1.81
2022-02-25,locale,en_IN,1.77
2022-02-25,locale,pl_PL,1.67
2022-02-25,locale,ko_KR,1.28
2022-02-25,locale,sv_SE,0.93
2022-02-25,locale,de_AT,0.86
2022-02-25,locale,cs_CZ,0.82
2022-02-25,locale,de_CH,0.73
2022-02-25,locale,zh_TW,0.70
2022-02-25,locale,en,0.69
2022-02-25,locale,es_MX,0.63
2022-02-25,locale,da_DK,0.57
2022-02-25,locale,en_NL,0.55
2022-02-25,locale,en_DE,0.51
2022-02-25,locale,tr_TR,0.49
2022-02-25,locale,pt_PT,0.48
2022-02-25,locale,hu_HU,0.47
2022-02-25,locale,nl_BE,0.43
2022-02-25,locale,en_ZA,0.41
2022-02-25,locale,nb_NO,0.39
2022-02-25,locale,en_NZ,0.35
2022-02-25,locale,fr_CA,0.33
2022-02-25,locale,en_PH,0.30
2022-02-25,locale,es_AR,0.28
2022-02-25,locale,fi_FI,0.28
2022-02-25,locale,en_SE,0.26
2022-02-25,locale,el_GR,0.25
2022-02-25,locale,sk_SK,0.25
2022-02-25,locale,fr_BE,0.24
2022-02-25,locale,en_SG,0.24
2022-02-25,locale,en_IE,0.24
2022-02-25,locale,en_MY,0.23
2022-02-25,locale,es_CO,0.21
2022-02-25,locale,es_CL,0.20
2022-02-25,locale,fr_CH,0.20
2022-02-25,locale,en_BE,0.20
2022-02-25,locale,th_TH,0.19
2022-02-25,locale,en_DK,0.16
2022-02-25,locale,zh_HK,0.15
2022-03-05,os,Raspberry Pi OS (other),38.97
2022-03-05,os,Raspberry Pi OS (32-bit),30.00
2022-03-05,os,Ubuntu,8.75
2022-03-05,os,OctoPi,4.90
2022-03-05,os,Bootloader,3.72
2022-03-05,os,RetroPie,3.17
2022-03-05,os,Recalbox,2.97
2022-03-05,os,Manjaro ARM Linux,1.34
2022-03-05,os,Home Assistant,1.07
2022-03-05,os,OSMC,0.97
2022-03-05,os,LibreELEC,0.70
2022-03-05,os,OctoPi-Klipper,0.67
2022-03-05,os,Homebridge,0.64
2022-03-05,os,Volumio,0.46
2022-03-05,os,FullPageOS,0.37
2022-03-05,os,RISC OS Pi,0.36
2022-03-05,os,Mainsail OS,0.34
2022-03-05,os,RaspberryMatic,0.13
2022-03-05,os,info-beamer digital signage,0.11
2022-03-05,os,OctoPi Nightlies,0.10
2022-03-05,os,SimplyPi,0.10
2022-03-05,os,Gladys Assistant,0.04
2022-03-05,os,ALT,0.03
2022-03-05,os,TLXOS,0.03
2022-03-05,os,Apertis (daily build),0.02
2022-03-05,os,nymea,0.01
2022-03-05,os,RaspberryMatic Nightly Snapshots,0.00
2022-03-05,host_arch,x86_64,95.71
2022-03-05,host_arch,arm,2.46
2022-03-05,host_arch,arm64,1.22
2022-03-05,host_arch,i386,0.61
2022-03-05,locale,en_US,33.66
2022-03-05,locale,de_DE,12.73
2022-03-05,locale,en_GB,8.44
2022-03-05,locale,fr_FR,5.28
2022-03-05,locale,ja_JP,3.52
2022-03-05,locale,es_ES,2.65
2022-03-05,locale,zh_CN,2.52
2022-03-05,locale,it_IT,2.26
2022-03-05,locale,en_CA,2.11
2022-03-05,locale,ru_RU,2.10
2022-03-05,locale,en_AU,1.97
2022-03-05,locale,nl_NL,1.96
2022-03-05,locale,pt_BR,1.86
2022-03-05,locale,en_IN,1.83
2022-03-05,locale,pl_PL,1.62
2022-03-05,locale,ko_KR,1.29
2022-03-05,locale,sv_SE,0.88
2022-03-05,locale,de_AT,0.87
2022-03-05,locale,cs_CZ,0.83
2022-03-05,locale,zh_TW,0.73
2022-03-05,locale,de_CH,0.72
2022-03-05,locale,en,0.69
2022-03-05,locale,es_MX,0.65
2022-03-05,locale,en_NL,0.56
2022-03-05,locale,da_DK,0.55
2022-03-05,locale,en_DE,0.52
2022-03-05,locale,tr_TR,0.51
2022-03-05,locale,pt_PT,0.46
2022-03-05,locale,hu_HU,0.46
2022-03-05,locale,nl_BE,0.43
2022-03-05,locale,en_ZA,0.42
2022-03-05,locale,nb_NO,0.39
2022-03-05,locale,en_NZ,0.36
2022-03-05,locale,fr_CA,0.34
2022-03-05,locale,en_PH,0.30
2022-03-05,locale,fi_FI,0.28
2022-03-05,locale,es_AR,0.28
2022-03-05,locale,en_SG,0.26
2022-03-05,locale,en_SE,0.25
2022-03-05,locale,el_GR,0.25
2022-03-05,locale,sk_SK,0.24
2022-03-05,locale,fr_BE,0.23
2022-03-05,locale,en_IE,0.23
2022-03-05,locale,en_MY,0.23
2022-03-05,locale,es_CO,0.21
2022-03-05,locale,es_CL,0.20
2022-03-05,locale,en_BE,0.19
2022-03-05,locale,fr_CH,0.19
2022-03-05,locale,th_TH,0.18
2022-03-05,locale,en_DK,0.17
2022-03-05,locale,zh_HK,0.15
2022-05-22,os,Raspberry Pi OS (other),37.32
2022-05-22,os,Raspberry Pi OS (32-bit),30.29
2022-05-22,os,Ubuntu,10.60
2022-05-22,os,OctoPi,3.99
2022-05-22,os,Bootloader,3.65
2022-05-22,os,RetroPie,3.32
2022-05-22,os,Recalbox,2.56
2022-05-22,os,LibreELEC,1.45
2022-05-22,os,Manjaro ARM Linux,1.32
2022-05-22,os,Home Assistant,1.10
2022-05-22,os,Homebridge,0.98
2022-05-22,os,OSMC,0.79
2022-05-22,os,Mainsail OS,0.66
2022-05-22,os,FullPageOS,0.41
2022-05-22,os,Volumio,0.39
2022-05-22,os,OctoKlipperPi,0.34
2022-05-22,os,RISC OS Pi,0.30
2022-05-22,os,RaspberryMatic,0.13
2022-05-22,os,info-beamer digital signage,0.11
2022-05-22,os,OctoPi Nightlies,0.09
2022-05-22,os,SimplyPi,0.08
2022-05-22,os,nymea,0.04
2022-05-22,os,Gladys Assistant,0.04
2022-05-22,os,TLXOS,0.03
2022-05-22,os,Apertis (daily build),0.02
2022-05-22,os,RaspberryMatic Nightly Snapshots,0.00
2022-05-22,os,ALT,0.00
2022-05-22,os,Apertis,0.00
2022-05-22,host_arch,x86_64,95.89
2022-05-22,host_arch,arm,2.12
2022-05-22,host_arch,arm64,1.46
2022-05-22,host_arch,i386,0.54
2022-05-22,locale,en_US,33.11
2022-05-22,locale,de_DE,11.28
2022-05-22,locale,en_GB,8.21
2022-05-22,locale,fr_FR,4.79
2022-05-22,locale,ja_JP,4.03
2022-05-22,locale,zh_CN,3.66
2022-05-22,locale,es_ES,2.82
2022-05-22,locale,en_IN,2.45
2022-05-22,locale,en_AU,2.37
2022-05-22,locale,pt_BR,2.24
2022-05-22,locale,ru_RU,2.20
2022-05-22,locale,it_IT,1.98
2022-05-22,locale,en_CA,1.90
2022-05-22,locale,ko_KR,1.75
2022-05-22,locale,nl_NL,1.64
2022-05-22,locale,pl_PL,1.49
2022-05-22,locale,zh_TW,0.87
2022-05-22,locale,de_AT,0.83
2022-05-22,locale,sv_SE,0.79
2022-05-22,locale,es_MX,0.72
2022-05-22,locale,cs_CZ,0.71
2022-05-22,locale,de_CH,0.64
2022-05-22,locale,en_ZA,0.59
2022-05-22,locale,tr_TR,0.57
2022-05-22,locale,en_NL,0.57
2022-05-22,locale,en,0.56
2022-05-22,locale,da_DK,0.50
2022-05-22,locale,en_DE,0.50
2022-05-22,locale,pt_PT,0.49
2022-05-22,locale,en_NZ,0.41
2022-05-22,locale,hu_HU,0.41
2022-05-22,locale,es_AR,0.37
2022-05-22,locale,nl_BE,0.37
2022-05-22,locale,nb_NO,0.34
2022-05-22,locale,es_CO,0.30
2022-05-22,locale,en_SG,0.27
2022-05-22,locale,fr_BE,0.26
2022-05-22,locale,fr_CA,0.26
2022-05-22,locale,es_CL,0.26
2022-05-22,locale,en_SE,0.26
2022-05-22,locale,en_PH,0.23
2022-05-22,locale,sk_SK,0.23
2022-05-22,locale,fi_FI,0.22
2022-05-22,locale,en_IE,0.21
2022-05-22,locale,en_MY,0.21
2022-05-22,locale,el_GR,0.20
2022-05-22,locale,fr_CH,0.20
2022-05-22,locale,th_TH,0.19
2022-05-22,locale,en_DK,0.18
2022-05-22,locale,en_BE,0.17
2022-05-22,locale,en_IL,0.17
2022-06-02,os,Raspberry Pi OS (other),37.45
2022-06-02,os,Raspberry Pi OS (32-bit),30.21
2022-06-02,os,Ubuntu,10.58
2022-06-02,os,OctoPi,4.09
2022-06-02,os,Bootloader,3.82
2022-06-02,os,RetroPie,3.35
2022-06-02,os,Recalbox,2.56
2022-06-02,os,LibreELEC,1.43
2022-06-02,os,Manjaro ARM Linux,1.32
2022-06-02,os,Home Assistant,1.12
2022-06-02,os,OSMC,0.77
2022-06-02,os,Mainsail OS,0.67
2022-06-02,os,Homebridge,0.66
2022-06-02,os,FullPageOS,0.43
2022-06-02,os,Volumio,0.38
2022-06-02,os,OctoKlipperPi,0.33
2022-06-02,os,RISC OS Pi,0.29
2022-06-02,os,RaspberryMatic,0.12
2022-06-02,os,info-beamer digital signage,0.12
2022-06-02,os,OctoPi Nightlies,0.08
2022-06-02,os,SimplyPi,0.07
2022-06-02,os,nymea,0.04
2022-06-02,os,Gladys Assistant,0.04
2022-06-02,os,TLXOS,0.03
2022-06-02,os,Apertis (daily build),0.02
2022-06-02,os,RaspberryMatic Nightly Snapshots,0.00
2022-06-02,os,ALT,0.00
2022-06-02,os,Apertis,0.00
2022-06-02,host_arch,x86_64,95.79
2022-06-02,host_arch,arm,2.18
2022-06-02,host_arch,arm64,1.46
2022-06-02,host_arch,i386,0.57
2022-06-02,locale,en_US,33.11
2022-06-02,locale,de_DE,11.37
2022-06-02,locale,en_GB,8.17
2022-06-02,locale,fr_FR,4.82
2022-06-02,locale,ja_JP,3.93
2022-06-02,locale,zh_CN,3.51
2022-06-02,locale,es_ES,2.69
2022-06-02,locale,en_IN,2.54
2022-06-02,locale,en_AU,2.29
2022-06-02,locale,pt_BR,2.27
2022-06-02,locale,ru_RU,2.21
2022-06-02,locale,it_IT,1.90
2022-06-02,locale,ko_KR,1.89
2022-06-02,locale,en_CA,1.86
2022-06-02,locale,nl_NL,1.73
2022-06-02,locale,pl_PL,1.49
2022-06-02,locale,zh_TW,0.87
2022-06-02,locale,de_AT,0.77
2022-06-02,locale,sv_SE,0.77
2022-06-02,locale,es_MX,0.76
2022-06-02,locale,cs_CZ,0.71
2022-06-02,locale,de_CH,0.63
2022-06-02,locale,en_ZA,0.62
2022-06-02,locale,en,0.62
2022-06-02,locale,tr_TR,0.59
2022-06-02,locale,en_NL,0.57
2022-06-02,locale,en_DE,0.50
2022-06-02,locale,da_DK,0.50
2022-06-02,locale,pt_PT,0.49
2022-06-02,locale,en_NZ,0.42
2022-06-02,locale,hu_HU,0.40
2022-06-02,locale,es_AR,0.39
2022-06-02,locale,nl_BE,0.37
2022-06-02,locale,nb_NO,0.34
2022-06-02,locale,es_CL,0.28
2022-06-02,locale,es_CO,0.28
2022-06-02,locale,en_SG,0.27
2022-06-02,locale,en_SE,0.26
2022-06-02,locale,fr_CA,0.25
2022-06-02,locale,fr_BE,0.25
2022-06-02,locale,en_MY,0.25
2022-06-02,locale,en_PH,0.25
2022-06-02,locale,fi_FI,0.22
2022-06-02,locale,sk_SK,0.21
2022-06-02,locale,th_TH,0.21
2022-06-02,locale,en_IE,0.21
2022-06-02,locale,fr_CH,0.21
2022-06-02,locale,el_GR,0.20
2022-06-02,locale,en_IL,0.18
2022-06-02,locale,en_BE,0.18
2022-06-02,locale,en_DK,0.17
2022-06-19,os,Raspberry Pi OS (other),37.50
2022-06-19,os,Raspberry Pi OS (32-bit),29.59
2022-06-19,os,Ubuntu,10.38
2022-06-19,os,OctoPi,4.18
2022-06-19,os,Bootloader,3.98
2022-06-19,os,RetroPie,3.41
2022-06-19,os,Recalbox,2.56
2022-06-19,os,LibreELEC,1.46
2022-06-19,os,Manjaro ARM Linux,1.41
2022-06-19,os,Home Assistant,1.27
2022-06-19,os,OSMC,0.77
2022-06-19,os,Mainsail OS,0.77
2022-06-19,os,Homebridge,0.76
2022-06-19,os,FullPageOS,0.42
2022-06-19,os,Volumio,0.40
2022-06-19,os,OctoKlipperPi,0.34
2022-06-19,os,RISC OS Pi,0.30
2022-06-19,os,RaspberryMatic,0.12
2022-06-19,os,info-beamer digital signage,0.11
2022-06-19,os,SimplyPi,0.07
2022-06-19,os,OctoPi Nightlies,0.07
2022-06-19,os,Gladys Assistant,0.05
2022-06-19,os,nymea,0.04
2022-06-19,os,TLXOS,0.02
2022-06-19,os,Apertis (daily build),0.02
2022-06-19,os,RaspberryMatic Nightly Snapshots,0.00
2022-06-19,os,ALT,0.00
2022-06-19,os,Apertis,0.00
2022-06-19,host_arch,x86_64,95.68
2022-06-19,host_arch,arm,2.29
2022-06-19,host_arch,arm64,1.50
2022-06-19,host_arch,i386,0.53
2022-06-19,locale,en_US,33.64
2022-06-19,locale,de_DE,11.45
2022-06-19,locale,en_GB,8.39
2022-06-19,locale,fr_FR,4.90
2022-06-19,locale,ja_JP,3.82
2022-06-19,locale,zh_CN,3.41
2022-06-19,locale,en_IN,2.51
2022-06-19,locale,es_ES,2.44
2022-06-19,locale,pt_BR,2.33
2022-06-19,locale,en_AU,2.31
2022-06-19,locale,ru_RU,2.11
2022-06-19,locale,en_CA,1.89
2022-06-19,locale,nl_NL,1.70
2022-06-19,locale,it_IT,1.67
2022-06-19,locale,ko_KR,1.66
2022-06-19,locale,pl_PL,1.50
2022-06-19,locale,zh_TW,0.86
2022-06-19,locale,es_MX,0.80
2022-06-19,locale,de_AT,0.75
2022-06-19,locale,sv_SE,0.74
2022-06-19,locale,cs_CZ,0.73
2022-06-19,locale,en_ZA,0.67
2022-06-19,locale,en,0.66
2022-06-19,locale,tr_TR,0.62
2022-06-19,locale,de_CH,0.62
2022-06-19,locale,en_NL,0.54
2022-06-19,locale,en_DE,0.50
2022-06-19,locale,da_DK,0.47
2022-06-19,locale,pt_PT,0.46
2022-06-19,locale,en_NZ,0.44
2022-06-19,locale,hu_HU,0.43
2022-06-19,locale,es_AR,0.40
2022-06-19,locale,nl_BE,0.36
2022-06-19,locale,nb_NO,0.35
2022-06-19,locale,es_CL,0.30
2022-06-19,locale,fr_CA,0.27
2022-06-19,locale,en_MY,0.27
2022-06-19,locale,en_SG,0.26
2022-06-19,locale,th_TH,0.25
2022-06-19,locale,es_CO,0.25
2022-06-19,locale,fr_BE,0.24
2022-06-19,locale,en_SE,0.23
2022-06-19,locale,en_PH,0.23
2022-06-19,locale,en_IE,0.22
2022-06-19,locale,fi_FI,0.20
2022-06-19,locale,fr_CH,0.20
2022-06-19,locale,el_GR,0.20
2022-06-19,locale,en_BE,0.19
2022-06-19,locale,en_ID,0.19
2022-06-19,locale,sk_SK,0.19
2022-06-19,locale,en_IL,0.18
2022-07-05,os,Raspberry Pi OS (other),37.45
2022-07-05,os,Raspberry Pi OS (32-bit),29.49
2022-07-05,os,Ubuntu,10.39
2022-07-05,os,Bootloader,4.04
2022-07-05,os,OctoPi,3.92
2022-07-05,os,RetroPie,3.33
2022-07-05,os,Recalbox,2.51
2022-07-05,os,LibreELEC,1.48
2022-07-05,os,Home Assistant,1.44
2022-07-05,os,Manjaro ARM Linux,1.44
2022-07-05,os,Mainsail OS,0.88
2022-07-05,os,Homebridge,0.84
2022-07-05,os,OSMC,0.78
2022-07-05,os,Volumio,0.42
2022-07-05,os,FullPageOS,0.40
2022-07-05,os,OctoKlipperPi,0.37
2022-07-05,os,RISC OS Pi,0.31
2022-07-05,os,info-beamer digital signage,0.11
2022-07-05,os,RaspberryMatic,0.11
2022-07-05,os,OctoPi Nightlies,0.08
2022-07-05,os,SimplyPi,0.08
2022-07-05,os,nymea,0.05
2022-07-05,os,Gladys Assistant,0.03
2022-07-05,os,TLXOS,0.03
2022-07-05,os,Apertis (daily build),0.01
2022-07-05,os,RaspberryMatic Nightly Snapshots,0.00
2022-07-05,os,ALT,0.00
2022-07-05,os,Apertis,0.00
2022-07-05,host_arch,x86_64,95.65
2022-07-05,host_arch,arm,2.32
2022-07-05,host_arch,arm64,1.52
2022-07-05,host_arch,i386,0.51
2022-07-05,locale,en_US,34.06
2022-07-05,locale,de_DE,10.77
2022-07-05,locale,en_GB,8.75
2022-07-05,locale,fr_FR,4.79
2022-07-05,locale,ja_JP,3.94
2022-07-05,locale,zh_CN,3.67
2022-07-05,locale,es_ES,2.45
2022-07-05,locale,en_IN,2.41
2022-07-05,locale,pt_BR,2.41
2022-07-05,locale,en_AU,2.33
2022-07-05,locale,ru_RU,2.05
2022-07-05,locale,en_CA,1.90
2022-07-05,locale,nl_NL,1.66
2022-07-05,locale,it_IT,1.65
2022-07-05,locale,ko_KR,1.51
2022-07-05,locale,pl_PL,1.50
2022-07-05,locale,es_MX,0.84
2022-07-05,locale,zh_TW,0.83
2022-07-05,locale,sv_SE,0.75
2022-07-05,locale,de_AT,0.74
2022-07-05,locale,en_ZA,0.71
2022-07-05,locale,cs_CZ,0.68
2022-07-05,locale,en,0.68
2022-07-05,locale,de_CH,0.63
2022-07-05,locale,tr_TR,0.62
2022-07-05,locale,en_NL,0.52
2022-07-05,locale,en_DE,0.47
2022-07-05,locale,pt_PT,0.44
2022-07-05,locale,hu_HU,0.43
2022-07-05,locale,da_DK,0.43
2022-07-05,locale,en_NZ,0.41
2022-07-05,locale,es_AR,0.40
2022-07-05,locale,nl_BE,0.37
2022-07-05,locale,nb_NO,0.32
2022-07-05,locale,es_CL,0.30
2022-07-05,locale,fr_CA,0.28
2022-07-05,locale,en_SG,0.27
2022-07-05,locale,en_MY,0.26
2022-07-05,locale,en_PH,0.26
2022-07-05,locale,es_CO,0.25
2022-07-05,locale,en_IE,0.24
2022-07-05,locale,fr_BE,0.23
2022-07-05,locale,th_TH,0.23
2022-07-05,locale,en_SE,0.23
2022-07-05,locale,en_ID,0.23
2022-07-05,locale,el_GR,0.21
2022-07-05,locale,sk_SK,0.20
2022-07-05,locale,fr_CH,0.19
2022-07-05,locale,fi_FI,0.18
2022-07-05,locale,en_BE,0.18
2022-07-05,locale,en_IL,0.16
2022-08-03,os,Raspberry Pi OS (other),37.28
2022-08-03,os,Raspberry Pi OS (32-bit),29.22
2022-08-03,os,Ubuntu,10.28
2022-08-03,os,Bootloader,4.14
2022-08-03,os,OctoPi,3.90
2022-08-03,os,RetroPie,3.44
2022-08-03,os,Recalbox,2.75
2022-08-03,os,Home Assistant,1.57
2022-08-03,os,LibreELEC,1.48
2022-08-03,os,Manjaro ARM Linux,1.41
2022-08-03,os,Mainsail OS,0.94
2022-08-03,os,Homebridge,0.85
2022-08-03,os,OSMC,0.76
2022-08-03,os,FullPageOS,0.40
2022-08-03,os,Volumio,0.39
2022-08-03,os,OctoKlipperPi,0.37
2022-08-03,os,RISC OS Pi,0.30
2022-08-03,os,RaspberryMatic,0.13
2022-08-03,os,info-beamer digital signage,0.11
2022-08-03,os,OctoPi Nightlies,0.08
2022-08-03,os,SimplyPi,0.07
2022-08-03,os,nymea,0.04
2022-08-03,os,Gladys Assistant,0.04
2022-08-03,os,TLXOS,0.02
2022-08-03,os,Apertis (daily build),0.02
2022-08-03,os,RaspberryMatic Nightly Snapshots,0.00
2022-08-03,os,ALT,0.00
2022-08-03,os,Apertis,0.00
2022-08-03,host_arch,x86_64,95.63
2022-08-03,host_arch,arm,2.40
2022-08-03,host_arch,arm64,1.43
2022-08-03,host_arch,i386,0.55
2022-08-03,locale,en_US,34.79
2022-08-03,locale,de_DE,11.05
2022-08-03,locale,en_GB,8.18
2022-08-03,locale,fr_FR,4.37
2022-08-03,locale,ja_JP,3.79
2022-08-03,locale,zh_CN,3.77
2022-08-03,locale,en_AU,2.56
2022-08-03,locale,en_IN,2.50
2022-08-03,locale,pt_BR,2.48
2022-08-03,locale,es_ES,2.29
2022-08-03,locale,ru_RU,2.10
2022-08-03,locale,en_CA,1.78
2022-08-03,locale,it_IT,1.66
2022-08-03,locale,nl_NL,1.61
2022-08-03,locale,ko_KR,1.57
2022-08-03,locale,pl_PL,1.49
2022-08-03,locale,zh_TW,0.79
2022-08-03,locale,sv_SE,0.79
2022-08-03,locale,de_AT,0.78
2022-08-03,locale,es_MX,0.75
2022-08-03,locale,en,0.70
2022-08-03,locale,cs_CZ,0.69
2022-08-03,locale,en_ZA,0.67
2022-08-03,locale,tr_TR,0.62
2022-08-03,locale,de_CH,0.59
2022-08-03,locale,en_NL,0.54
2022-08-03,locale,en_DE,0.51
2022-08-03,locale,da_DK,0.45
2022-08-03,locale,hu_HU,0.44
2022-08-03,locale,en_NZ,0.43
2022-08-03,locale,pt_PT,0.41
2022-08-03,locale,es_AR,0.41
2022-08-03,locale,nb_NO,0.33
2022-08-03,locale,nl_BE,0.32
2022-08-03,locale,en_SG,0.31
2022-08-03,locale,es_CL,0.29
2022-08-03,locale,fr_CA,0.28
2022-08-03,locale,en_MY,0.25
2022-08-03,locale,en_SE,0.25
2022-08-03,locale,fr_BE,0.24
2022-08-03,locale,es_CO,0.22
2022-08-03,locale,sk_SK,0.22
2022-08-03,locale,fi_FI,0.22
2022-08-03,locale,en_PH,0.21
2022-08-03,locale,th_TH,0.21
2022-08-03,locale,en_IE,0.21
2022-08-03,locale,en_ID,0.20
2022-08-03,locale,el_GR,0.19
2022-08-03,locale,en_BE,0.17
2022-08-03,locale,en_IL,0.17
2022-08-03,locale,fr_CH,0.17
2022-08-13,os,Raspberry Pi OS (other),36.89
2022-08-13,os,Raspberry Pi OS (32-bit),28.93
2022-08-13,os,Ubuntu,10.60
2022-08-13,os,Bootloader,4.21
2022-08-13,os,OctoPi,3.99
2022-08-13,os,RetroPie,3.41
2022-08-13,os,Recalbox,2.89
2022-08-13,os,Home Assistant,1.66
2022-08-13,os,LibreELEC,1.45
2022-08-13,os,Manjaro ARM Linux,1.43
2022-08-13,os,Mainsail OS,0.99
2022-08-13,os,Homebridge,0.83
2022-08-13,os,OSMC,0.75
2022-08-13,os,FullPageOS,0.40
2022-08-13,os,Volumio,0.38
2022-08-13,os,OctoKlipperPi,0.36
2022-08-13,os,RISC OS Pi,0.31
2022-08-13,os,RaspberryMatic,0.13
2022-08-13,os,info-beamer digital signage,0.12
2022-08-13,os,OctoPi Nightlies,0.08
2022-08-13,os,SimplyPi,0.07
2022-08-13,os,Gladys Assistant,0.04
2022-08-13,os,nymea,0.03
2022-08-13,os,TLXOS,0.02
2022-08-13,os,Apertis (daily build),0.02
2022-08-13,os,RaspberryMatic Nightly Snapshots,0.00
2022-08-13,os,ALT,0.00
2022-08-13,os,Apertis,0.00
2022-08-13,host_arch,x86_64,95.61
2022-08-13,host_arch,arm,2.46
2022-08-13,host_arch,arm64,1.39
2022-08-13,host_arch,i386,0.54
2022-08-13,locale,en_US,34.74
2022-08-13,locale,de_DE,11.00
2022-08-13,locale,en_GB,8.06
2022-08-13,locale,fr_FR,4.50
2022-08-13,locale,ja_JP,3.80
2022-08-13,locale,zh_CN,3.70
2022-08-13,locale,pt_BR,2.51
2022-08-13,locale,en_AU,2.51
2022-08-13,locale,en_IN,2.50
2022-08-13,locale,es_ES,2.26
2022-08-13,locale,ru_RU,2.11
2022-08-13,locale,en_CA,1.75
2022-08-13,locale,it_IT,1.72
2022-08-13,locale,nl_NL,1.60
2022-08-13,locale,ko_KR,1.53
2022-08-13,locale,pl_PL,1.49
2022-08-13,locale,sv_SE,0.81
2022-08-13,locale,zh_TW,0.81
2022-08-13,locale,es_MX,0.76
2022-08-13,locale,en,0.76
2022-08-13,locale,de_AT,0.76
2022-08-13,locale,cs_CZ,0.67
2022-08-13,locale,en_ZA,0.67
2022-08-13,locale,tr_TR,0.63
2022-08-13,locale,de_CH,0.61
2022-08-13,locale,en_NL,0.53
2022-08-13,locale,en_DE,0.51
2022-08-13,locale,hu_HU,0.45
2022-08-13,locale,da_DK,0.44
2022-08-13,locale,es_AR,0.42
2022-08-13,locale,en_NZ,0.41
2022-08-13,locale,pt_PT,0.40
2022-08-13,locale,nl_BE,0.35
2022-08-13,locale,nb_NO,0.33
2022-08-13,locale,en_SG,0.31
2022-08-13,locale,es_CL,0.30
2022-08-13,locale,fr_CA,0.28
2022-08-13,locale,en_MY,0.27
2022-08-13,locale,en_SE,0.25
2022-08-13,locale,es_CO,0.24
2022-08-13,locale,fr_BE,0.24
2022-08-13,locale,fi_FI,0.23
2022-08-13,locale,en_PH,0.23
2022-08-13,locale,sk_SK,0.23
2022-08-13,locale,en_IE,0.22
2022-08-13,locale,th_TH,0.21
2022-08-13,locale,el_GR,0.19
2022-08-13,locale,en_ID,0.18
2022-08-13,locale,en_BE,0.18
2022-08-13,locale,en_IL,0.17
2022-08-13,locale,fr_CH,0.17
2022-10-03,os,Raspberry Pi OS (other),37.92
2022-10-03,os,Raspberry Pi OS (32-bit),30.98
2022-10-03,os,Ubuntu,9.48
2022-10-03,os,Bootloader,3.95
2022-10-03,os,OctoPi,3.76
2022-10-03,os,RetroPie,2.77
2022-10-03,os,Recalbox,2.38
2022-10-03,os,Home Assistant,1.78
2022-10-03,os,LibreELEC,1.37
2022-10-03,os,Manjaro ARM Linux,1.16
2022-10-03,os,Mainsail OS,1.06
2022-10-03,os,Homebridge,0.73
2022-10-03,os,OSMC,0.72
2022-10-03,os,OctoKlipperPi,0.37
2022-10-03,os,Volumio,0.36
2022-10-03,os,FullPageOS,0.33
2022-10-03,os,RISC OS Pi,0.25
2022-10-03,os,RaspberryMatic,0.20
2022-10-03,os,info-beamer digital signage,0.11
2022-10-03,os,Apertis,0.10
2022-10-03,os,SimplyPi,0.07
2022-10-03,os,OctoPi Nightlies,0.06
2022-10-03,os,nymea,0.03
2022-10-03,os,Gladys Assistant,0.03
2022-10-03,os,TLXOS,0.03
2022-10-03,os,Apertis (development release),0.01
2022-10-03,os,Apertis (daily build),0.01
2022-10-03,os,RaspberryMatic Nightly Snapshots,0.00
2022-10-03,os,ALT,0.00
2022-10-03,host_arch,x86_64,95.77
2022-10-03,host_arch,arm,2.33
2022-10-03,host_arch,arm64,1.37
2022-10-03,host_arch,i386,0.53
2022-10-03,locale,en_US,32.31
2022-10-03,locale,de_DE,12.62
2022-10-03,locale,en_GB,8.29
2022-10-03,locale,fr_FR,4.93
2022-10-03,locale,ja_JP,3.42
2022-10-03,locale,zh_CN,3.17
2022-10-03,locale,es_ES,2.42
2022-10-03,locale,en_IN,2.26
2022-10-03,locale,pt_BR,2.15
2022-10-03,locale,en_AU,2.12
2022-10-03,locale,ko_KR,2.11
2022-10-03,locale,ru_RU,1.98
2022-10-03,locale,nl_NL,1.92
2022-10-03,locale,it_IT,1.86
2022-10-03,locale,en_CA,1.80
2022-10-03,locale,pl_PL,1.49
2022-10-03,locale,sv_SE,0.93
2022-10-03,locale,en,0.87
2022-10-03,locale,de_AT,0.85
2022-10-03,locale,zh_TW,0.85
2022-10-03,locale,cs_CZ,0.81
2022-10-03,locale,es_MX,0.75
2022-10-03,locale,de_CH,0.73
2022-10-03,locale,en_NL,0.63
2022-10-03,locale,en_ZA,0.61
2022-10-03,locale,hu_HU,0.53
2022-10-03,locale,en_DE,0.52
2022-10-03,locale,da_DK,0.51
2022-10-03,locale,tr_TR,0.51
2022-10-03,locale,pt_PT,0.40
2022-10-03,locale,nb_NO,0.40
2022-10-03,locale,nl_BE,0.39
2022-10-03,locale,en_NZ,0.37
2022-10-03,locale,fi_FI,0.36
2022-10-03,locale,es_AR,0.35
2022-10-03,locale,en_SE,0.31
2022-10-03,locale,fr_CA,0.31
2022-10-03,locale,es_CO,0.27
2022-10-03,locale,fr_BE,0.27
2022-10-03,locale,en_SG,0.26
2022-10-03,locale,en_MY,0.25
2022-10-03,locale,en_PH,0.25
2022-10-03,locale,es_CL,0.24
2022-10-03,locale,sk_SK,0.24
2022-10-03,locale,th_TH,0.23
2022-10-03,locale,en_IE,0.22
2022-10-03,locale,el_GR,0.21
2022-10-03,locale,en_ID,0.20
2022-10-03,locale,fr_CH,0.19
2022-10-03,locale,en_DK,0.18
2022-10-03,locale,en_BE,0.17
2022-11-26,os,Raspberry Pi OS (other),36.85
2022-11-26,os,Raspberry Pi OS (32-bit),29.54
2022-11-26,os,Ubuntu,10.41
2022-11-26,os,Bootloader,4.22
2022-11-26,os,OctoPi,3.71
2022-11-26,os,RetroPie,2.99
2022-11-26,os,Recalbox,2.46
2022-11-26,os,Home Assistant,2.24
2022-11-26,os,LibreELEC,1.41
2022-11-26,os,Mainsail OS,1.35
2022-11-26,os,Manjaro ARM Linux,1.05
2022-11-26,os,Homebridge,0.86
2022-11-26,os,OSMC,0.74
2022-11-26,os,OctoKlipperPi,0.46
2022-11-26,os,Volumio,0.42
2022-11-26,os,FullPageOS,0.36
2022-11-26,os,RISC OS Pi,0.26
2022-11-26,os,RaspberryMatic,0.19
2022-11-26,os,Apertis,0.10
2022-11-26,os,info-beamer digital signage,0.09
2022-11-26,os,SimplyPi,0.08
2022-11-26,os,OctoPi Nightlies,0.08
2022-11-26,os,nymea,0.04
2022-11-26,os,Gladys Assistant,0.03
2022-11-26,os,TLXOS,0.03
2022-11-26,os,Apertis (development release),0.01
2022-11-26,os,Apertis (daily build),0.01
2022-11-26,os,RaspberryMatic Nightly Snapshots,0.00
2022-11-26,os,ALT,0.00
2022-11-26,host_arch,x86_64,95.85
2022-11-26,host_arch,arm,2.33
2022-11-26,host_arch,arm64,1.33
2022-11-26,host_arch,i386,0.50
2022-11-26,locale,en_US,31.55
2022-11-26,locale,de_DE,12.59
2022-11-26,locale,en_GB,8.18
2022-11-26,locale,fr_FR,5.43
2022-11-26,locale,zh_CN,3.29
2022-11-26,locale,ja_JP,3.14
2022-11-26,locale,es_ES,2.64
2022-11-26,locale,ru_RU,2.39
2022-11-26,locale,en_IN,2.31
2022-11-26,locale,nl_NL,2.09
2022-11-26,locale,it_IT,2.06
2022-11-26,locale,pt_BR,1.87
2022-11-26,locale,en_AU,1.87
2022-11-26,locale,ko_KR,1.86
2022-11-26,locale,en_CA,1.85
2022-11-26,locale,pl_PL,1.67
2022-11-26,locale,en,0.91
2022-11-26,locale,de_AT,0.86
2022-11-26,locale,sv_SE,0.82
2022-11-26,locale,de_CH,0.82
2022-11-26,locale,cs_CZ,0.81
2022-11-26,locale,es_MX,0.70
2022-11-26,locale,zh_TW,0.70
2022-11-26,locale,en_NL,0.64
2022-11-26,locale,tr_TR,0.59
2022-11-26,locale,en_DE,0.56
2022-11-26,locale,en_ZA,0.55
2022-11-26,locale,hu_HU,0.55
2022-11-26,locale,da_DK,0.51
2022-11-26,locale,pt_PT,0.47
2022-11-26,locale,nl_BE,0.43
2022-11-26,locale,nb_NO,0.41
2022-11-26,locale,fi_FI,0.35
2022-11-26,locale,en_NZ,0.33
2022-11-26,locale,fr_CA,0.33
2022-11-26,locale,es_AR,0.31
2022-11-26,locale,fr_BE,0.30
2022-11-26,locale,es_CO,0.28
2022-11-26,locale,en_SG,0.28
2022-11-26,locale,en_SE,0.27
2022-11-26,locale,el_GR,0.26
2022-11-26,locale,sk_SK,0.26
2022-11-26,locale,fr_CH,0.24
2022-11-26,locale,en_IE,0.24
2022-11-26,locale,es_CL,0.23
2022-11-26,locale,en_MY,0.22
2022-11-26,locale,en_BE,0.21
2022-11-26,locale,th_TH,0.21
2022-11-26,locale,en_PH,0.20
2022-11-26,locale,en_DK,0.19
2022-11-26,locale,en_CH,0.16
2022-12-10,os,Raspberry Pi OS (other),36.81
2022-12-10,os,Raspberry Pi OS (32-bit),29.24
2022-12-10,os,Ubuntu,10.48
2022-12-10,os,Bootloader,4.27
2022-12-10,os,OctoPi,3.89
2022-12-10,os,RetroPie,3.10
2022-12-10,os,Recalbox,2.45
2022-12-10,os,Home Assistant,2.22
2022-12-10,os,Mainsail OS,1.37
2022-12-10,os,LibreELEC,1.35
2022-12-10,os,Manjaro ARM Linux,1.04
2022-12-10,os,Homebridge,0.89
2022-12-10,os,OSMC,0.72
2022-12-10,os,OctoKlipperPi,0.46
2022-12-10,os,Volumio,0.44
2022-12-10,os,FullPageOS,0.38
2022-12-10,os,RISC OS Pi,0.26
2022-12-10,os,RaspberryMatic,0.18
2022-12-10,os,Apertis,0.10
2022-12-10,os,SimplyPi,0.09
2022-12-10,os,OctoPi Nightlies,0.07
2022-12-10,os,info-beamer digital signage,0.06
2022-12-10,os,nymea,0.04
2022-12-10,os,Gladys Assistant,0.03
2022-12-10,os,TLXOS,0.02
2022-12-10,os,Apertis (daily build),0.01
2022-12-10,os,Apertis (development release),0.01
2022-12-10,os,RaspberryMatic Nightly Snapshots,0.00
2022-12-10,os,ALT,0.00
2022-12-10,host_arch,x86_64,95.85
2022-12-10,host_arch,arm,2.35
2022-12-10,host_arch,arm64,1.28
2022-12-10,host_arch,i386,0.52
2022-12-10,locale,en_US,32.35
2022-12-10,locale,de_DE,12.63
2022-12-10,locale,en_GB,7.94
2022-12-10,locale,fr_FR,5.24
2022-12-10,locale,zh_CN,3.29
2022-12-10,locale,ja_JP,3.14
2022-12-10,locale,es_ES,2.69
2022-12-10,locale,ru_RU,2.41
2022-12-10,locale,en_IN,2.36
2022-12-10,locale,it_IT,2.09
2022-12-10,locale,nl_NL,2.05
2022-12-10,locale,en_CA,1.90
2022-12-10,locale,pt_BR,1.86
2022-12-10,locale,en_AU,1.83
2022-12-10,locale,pl_PL,1.74
2022-12-10,locale,ko_KR,1.61
2022-12-10,locale,en,0.93
2022-12-10,locale,de_AT,0.91
2022-12-10,locale,cs_CZ,0.82
2022-12-10,locale,sv_SE,0.77
2022-12-10,locale,de_CH,0.75
2022-12-10,locale,zh_TW,0.71
2022-12-10,locale,es_MX,0.64
2022-12-10,locale,en_NL,0.64
2022-12-10,locale,tr_TR,0.61
2022-12-10,locale,en_DE,0.57
2022-12-10,locale,en_ZA,0.55
2022-12-10,locale,hu_HU,0.52
2022-12-10,locale,da_DK,0.50
2022-12-10,locale,pt_PT,0.48
2022-12-10,locale,nl_BE,0.43
2022-12-10,locale,nb_NO,0.38
2022-12-10,locale,en_NZ,0.35
2022-12-10,locale,fi_FI,0.35
2022-12-10,locale,fr_CA,0.30
2022-12-10,locale,fr_BE,0.28
2022-12-10,locale,es_AR,0.27
2022-12-10,locale,sk_SK,0.26
2022-12-10,locale,el_GR,0.26
2022-12-10,locale,es_CL,0.24
2022-12-10,locale,en_SE,0.24
2022-12-10,locale,es_CO,0.24
2022-12-10,locale,en_SG,0.23
2022-12-10,locale,en_IE,0.23
2022-12-10,locale,th_TH,0.21
2022-12-10,locale,fr_CH,0.21
2022-12-10,locale,en_BE,0.21
2022-12-10,locale,en_PH,0.21
2022-12-10,locale,en_MY,0.21
2022-12-10,locale,en_DK,0.18
2022-12-10,locale,en_CH,0.17
2022-12-11,os,Raspberry Pi OS (other),36.78
2022-12-11,os,Raspberry Pi OS (32-bit),29.13
2022-12-11,os,Ubuntu,10.47
2022-12-11,os,Bootloader,4.28
2022-12-11,os,OctoPi,3.93
2022-12-11,os,RetroPie,3.13
2022-12-11,os,Recalbox,2.48
2022-12-11,os,Home Assistant,2.22
2022-12-11,os,Mainsail OS,1.38
2022-12-11,os,LibreELEC,1.37
2022-12-11,os,Manjaro ARM Linux,1.04
2022-12-11,os,Homebridge,0.90
2022-12-11,os,OSMC,0.73
2022-12-11,os,OctoKlipperPi,0.46
2022-12-11,os,Volumio,0.44
2022-12-11,os,FullPageOS,0.38
2022-12-11,os,RISC OS Pi,0.27
2022-12-11,os,RaspberryMatic,0.18
2022-12-11,os,Apertis,0.10
2022-12-11,os,SimplyPi,0.09
2022-12-11,os,OctoPi Nightlies,0.07
2022-12-11,os,info-beamer digital signage,0.06
2022-12-11,os,nymea,0.04
2022-12-11,os,Gladys Assistant,0.03
2022-12-11,os,TLXOS,0.02
2022-12-11,os,Apertis (daily build),0.01
2022-12-11,os,Apertis (development release),0.01
2022-12-11,os,RaspberryMatic Nightly Snapshots,0.00
2022-12-11,os,ALT,0.00
2022-12-11,host_arch,x86_64,95.84
2022-12-11,host_arch,arm,2.35
2022-12-11,host_arch,arm64,1.28
2022-12-11,host_arch,i386,0.52
2022-12-11,locale,en_US,32.53
2022-12-11,locale,de_DE,12.61
2022-12-11,locale,en_GB,7.92
2022-12-11,locale,fr_FR,5.23
2022-12-11,locale,zh_CN,3.27
2022-12-11,locale,ja_JP,3.13
2022-12-11,locale,es_ES,2.67
2022-12-11,locale,ru_RU,2.39
2022-12-11,locale,en_IN,2.33
2022-12-11,locale,it_IT,2.10
2022-12-11,locale,nl_NL,2.03
2022-12-11,locale,en_CA,1.93
2022-12-11,locale,pt_BR,1.86
2022-12-11,locale,en_AU,1.83
2022-12-11,locale,pl_PL,1.75
2022-12-11,locale,ko_KR,1.56
2022-12-11,locale,en,0.93
2022-12-11,locale,de_AT,0.91
2022-12-11,locale,cs_CZ,0.82
2022-12-11,locale,sv_SE,0.77
2022-12-11,locale,de_CH,0.75
2022-12-11,locale,zh_TW,0.71
2022-12-11,locale,es_MX,0.64
2022-12-11,locale,en_NL,0.63
2022-12-11,locale,tr_TR,0.61
2022-12-11,locale,en_DE,0.57
2022-12-11,locale,en_ZA,0.54
2022-12-11,locale,hu_HU,0.51
2022-12-11,locale,da_DK,0.50
2022-12-11,locale,pt_PT,0.49
2022-12-11,locale,nl_BE,0.44
2022-12-11,locale,nb_NO,0.37
2022-12-11,locale,en_NZ,0.35
2022-12-11,locale,fi_FI,0.35
2022-12-11,locale,fr_CA,0.30
2022-12-11,locale,fr_BE,0.28
2022-12-11,locale,es_AR,0.27
2022-12-11,locale,sk_SK,0.26
2022-12-11,locale,el_GR,0.26
2022-12-11,locale,en_SE,0.25
2022-12-11,locale,es_CL,0.24
2022-12-11,locale,en_SG,0.24
2022-12-11,locale,es_CO,0.23
2022-12-11,locale,en_IE,0.23
2022-12-11,locale,th_TH,0.21
2022-12-11,locale,en_PH,0.21
2022-12-11,locale,fr_CH,0.21
2022-12-11,locale,en_BE,0.21
2022-12-11,locale,en_MY,0.20
2022-12-11,locale,en_DK,0.18
2022-12-11,locale,en_CH,0.17
2023-01-15,os,Raspberry Pi OS (other),36.11
2023-01-15,os,Raspberry Pi OS (32-bit),28.07
2023-01-15,os,Ubuntu,9.69
2023-01-15,os,OctoPi,4.76
2023-01-15,os,Bootloader,4.32
2023-01-15,os,RetroPie,3.47
2023-01-15,os,Recalbox,2.65
2023-01-15,os,Home Assistant,2.61
2023-01-15,os,Mainsail OS,2.16
2023-01-15,os,LibreELEC,1.47
2023-01-15,os,Manjaro ARM Linux,1.02
2023-01-15,os,Homebridge,0.89
2023-01-15,os,OSMC,0.62
2023-01-15,os,OctoKlipperPi,0.56
2023-01-15,os,Volumio,0.50
2023-01-15,os,FullPageOS,0.34
2023-01-15,os,RISC OS Pi,0.27
2023-01-15,os,RaspberryMatic,0.17
2023-01-15,os,SimplyPi,0.10
2023-01-15,os,Apertis,0.10
2023-01-15,os,Gladys Assistant,0.03
2023-01-15,os,nymea,0.02
2023-01-15,os,info-beamer digital signage,0.02
2023-01-15,os,TLXOS,0.02
2023-01-15,os,Apertis (daily build),0.01
2023-01-15,os,Apertis (development release),0.01
2023-01-15,os,RaspberryMatic Nightly Snapshots,0.00
2023-01-15,os,ALT,0.00
2023-01-15,host_arch,x86_64,95.82
2023-01-15,host_arch,arm,2.51
2023-01-15,host_arch,arm64,1.25
2023-01-15,host_arch,i386,0.43
2023-01-15,locale,en_US,33.17
2023-01-15,locale,de_DE,13.64
2023-01-15,locale,en_GB,8.38
2023-01-15,locale,fr_FR,5.38
2023-01-15,locale,ja_JP,2.98
2023-01-15,locale,es_ES,2.58
2023-01-15,locale,nl_NL,2.21
2023-01-15,locale,it_IT,2.17
2023-01-15,locale,ru_RU,2.16
2023-01-15,locale,zh_CN,2.11
2023-01-15,locale,en_CA,2.10
2023-01-15,locale,en_AU,1.98
2023-01-15,locale,en_IN,1.97
2023-01-15,locale,pt_BR,1.87
2023-01-15,locale,pl_PL,1.61
2023-01-15,locale,ko_KR,1.19
2023-01-15,locale,en,1.03
2023-01-15,locale,de_AT,0.94
2023-01-15,locale,sv_SE,0.85
2023-01-15,locale,cs_CZ,0.82
2023-01-15,locale,de_CH,0.75
2023-01-15,locale,en_NL,0.64
2023-01-15,locale,es_MX,0.60
2023-01-15,locale,hu_HU,0.58
2023-01-15,locale,en_DE,0.57
2023-01-15,locale,zh_TW,0.53
2023-01-15,locale,tr_TR,0.53
2023-01-15,locale,da_DK,0.52
2023-01-15,locale,en_ZA,0.49
2023-01-15,locale,pt_PT,0.40
2023-01-15,locale,nl_BE,0.39
2023-01-15,locale,nb_NO,0.37
2023-01-15,locale,en_NZ,0.34
2023-01-15,locale,fr_CA,0.34
2023-01-15,locale,fi_FI,0.30
2023-01-15,locale,fr_BE,0.29
2023-01-15,locale,en_SE,0.28
2023-01-15,locale,sk_SK,0.27
2023-01-15,locale,es_AR,0.24
2023-01-15,locale,el_GR,0.24
2023-01-15,locale,en_SG,0.22
2023-01-15,locale,fr_CH,0.22
2023-01-15,locale,es_CO,0.21
2023-01-15,locale,en_IE,0.21
2023-01-15,locale,es_CL,0.21
2023-01-15,locale,en_BE,0.20
2023-01-15,locale,th_TH,0.20
2023-01-15,locale,en_PH,0.19
2023-01-15,locale,en_CH,0.18
2023-01-15,locale,de,0.17
2023-01-15,locale,en_MY,0.17
2023-01-28,os,Raspberry Pi OS (other),36.11
2023-01-28,os,Raspberry Pi OS (32-bit),28.07
2023-01-28,os,Ubuntu,9.69
2023-01-28,os,OctoPi,4.76
2023-01-28,os,Bootloader,4.32
2023-01-28,os,RetroPie,3.47
2023-01-28,os,Recalbox,2.65
2023-01-28,os,Home Assistant,2.61
2023-01-28,os,Mainsail OS,2.16
2023-01-28,os,LibreELEC,1.47
2023-01-28,os,Manjaro ARM Linux,1.02
2023-01-28,os,Homebridge,0.89
2023-01-28,os,OSMC,0.62
2023-01-28,os,OctoKlipperPi,0.56
2023-01-28,os,Volumio,0.50
2023-01-28,os,FullPageOS,0.34
2023-01-28,os,RISC OS Pi,0.27
2023-01-28,os,RaspberryMatic,0.17
2023-01-28,os,SimplyPi,0.10
2023-01-28,os,Apertis,0.10
2023-01-28,os,Gladys Assistant,0.03
2023-01-28,os,nymea,0.02
2023-01-28,os,info-beamer digital signage,0.02
2023-01-28,os,TLXOS,0.02
2023-01-28,os,Apertis (daily build),0.01
2023-01-28,os,Apertis (development release),0.01
2023-01-28,os,RaspberryMatic Nightly Snapshots,0.00
2023-01-28,os,ALT,0.00
2023-01-28,host_arch,x86_64,95.82
2023-01-28,host_arch,arm,2.51
2023-01-28,host_arch,arm64,1.25
2023-01-28,host_arch,i386,0.43
2023-01-28,locale,en_US,33.17
2023-01-28,locale,de_DE,13.64
2023-01-28,locale,en_GB,8.38
2023-01-28,locale,fr_FR,5.38
2023-01-28,locale,ja_JP,2.98
2023-01-28,locale,es_ES,2.58
2023-01-28,locale,nl_NL,2.21
2023-01-28,locale,it_IT,2.17
2023-01-28,locale,ru_RU,2.16
2023-01-28,locale,zh_CN,2.11
2023-01-28,locale,en_CA,2.10
2023-01-28,locale,en_AU,1.98
2023-01-28,locale,en_IN,1.97
2023-01-28,locale,pt_BR,1.87
2023-01-28,locale,pl_PL,1.61
2023-01-28,locale,ko_KR,1.19
2023-01-28,locale,en,1.03
2023-01-28,locale,de_AT,0.94
2023-01-28,locale,sv_SE,0.85
2023-01-28,locale,cs_CZ,0.82
2023-01-28,locale,de_CH,0.75
2023-01-28,locale,en_NL,0.64
2023-01-28,locale,es_MX,0.60
2023-01-28,locale,hu_HU,0.58
2023-01-28,locale,en_DE,0.57
2023-01-28,locale,zh_TW,0.53
2023-01-28,locale,tr_TR,0.53
2023-01-28,locale,da_DK,0.52
2023-01-28,locale,en_ZA,0.49
2023-01-28,locale,pt_PT,0.40
2023-01-28,locale,nl_BE,0.39
2023-01-28,locale,nb_NO,0.37
2023-01-28,locale,en_NZ,0.34
2023-01-28,locale,fr_CA,0.34
2023-01-28,locale,fi_FI,0.30
2023-01-28,locale,fr_BE,0.29
2023-01-28,locale,en_SE,0.28
2023-01-28,locale,sk_SK,0.27
2023-01-28,locale,es_AR,0.24
2023-01-28,locale,el_GR,0.24
2023-01-28,locale,en_SG,0.22
2023-01-28,locale,fr_CH,0.22
2023-01-28,locale,es_CO,0.21
2023-01-28,locale,en_IE,0.21
2023-01-28,locale,es_CL,0.21
2023-01-28,locale,en_BE,0.20
2023-01-28,locale,th_TH,0.20
2023-01-28,locale,en_PH,0.19
2023-01-28,locale,en_CH,0.18
2023-01-28,locale,de,0.17
2023-01-28,locale,en_MY,0.17
2023-02-02,os,Raspberry Pi OS (other),36.20
2023-02-02,os,Raspberry Pi OS (32-bit),28.27
2023-02-02,os,Ubuntu,9.87
2023-02-02,os,OctoPi,4.63
2023-02-02,os,Bootloader,4.33
2023-02-02,os,RetroPie,3.32
2023-02-02,os,Home Assistant,2.64
2023-02-02,os,Recalbox,2.53
2023-02-02,os,Mainsail OS,2.11
2023-02-02,os,LibreELEC,1.49
2023-02-02,os,Manjaro ARM Linux,1.01
2023-02-02,os,Homebridge,0.89
2023-02-02,os,OSMC,0.56
2023-02-02,os,OctoKlipperPi,0.55
2023-02-02,os,Volumio,0.49
2023-02-02,os,FullPageOS,0.34
2023-02-02,os,RISC OS Pi,0.27
2023-02-02,os,RaspberryMatic,0.16
2023-02-02,os,Apertis,0.10
2023-02-02,os,SimplyPi,0.10
2023-02-02,os,Gladys Assistant,0.03
2023-02-02,os,TLXOS,0.02
2023-02-02,os,info-beamer digital signage,0.02
2023-02-02,os,nymea,0.02
2023-02-02,os,Apertis (daily build),0.01
2023-02-02,os,Apertis (development release),0.01
2023-02-02,os,RaspberryMatic Nightly Snapshots,0.00
2023-02-02,os,ALT,0.00
2023-02-02,host_arch,x86_64,95.89
2023-02-02,host_arch,arm,2.45
2023-02-02,host_arch,arm64,1.23
2023-02-02,host_arch,i386,0.42
2023-02-02,locale,en_US,33.27
2023-02-02,locale,de_DE,13.38
2023-02-02,locale,en_GB,8.23
2023-02-02,locale,fr_FR,5.37
2023-02-02,locale,ja_JP,2.98
2023-02-02,locale,es_ES,2.63
2023-02-02,locale,ru_RU,2.21
2023-02-02,locale,zh_CN,2.17
2023-02-02,locale,it_IT,2.15
2023-02-02,locale,nl_NL,2.15
2023-02-02,locale,en_CA,2.10
2023-02-02,locale,en_IN,2.00
2023-02-02,locale,en_AU,1.96
2023-02-02,locale,pt_BR,1.88
2023-02-02,locale,pl_PL,1.61
2023-02-02,locale,ko_KR,1.25
2023-02-02,locale,en,1.03
2023-02-02,locale,de_AT,0.94
2023-02-02,locale,sv_SE,0.84
2023-02-02,locale,cs_CZ,0.82
2023-02-02,locale,de_CH,0.74
2023-02-02,locale,en_NL,0.65
2023-02-02,locale,es_MX,0.64
2023-02-02,locale,hu_HU,0.59
2023-02-02,locale,en_DE,0.57
2023-02-02,locale,tr_TR,0.56
2023-02-02,locale,zh_TW,0.54
2023-02-02,locale,da_DK,0.52
2023-02-02,locale,en_ZA,0.50
2023-02-02,locale,nl_BE,0.39
2023-02-02,locale,pt_PT,0.39
2023-02-02,locale,nb_NO,0.38
2023-02-02,locale,en_NZ,0.36
2023-02-02,locale,fr_CA,0.33
2023-02-02,locale,fi_FI,0.30
2023-02-02,locale,fr_BE,0.30
2023-02-02,locale,en_SE,0.29
2023-02-02,locale,sk_SK,0.26
2023-02-02,locale,es_AR,0.26
2023-02-02,locale,el_GR,0.24
2023-02-02,locale,en_SG,0.24
2023-02-02,locale,en_IE,0.23
2023-02-02,locale,es_CO,0.21
2023-02-02,locale,fr_CH,0.21
2023-02-02,locale,en_BE,0.21
2023-02-02,locale,es_CL,0.20
2023-02-02,locale,th_TH,0.20
2023-02-02,locale,en_PH,0.19
2023-02-02,locale,en_DK,0.17
2023-02-02,locale,en_MY,0.17
2023-02-02,locale,en_CH,0.17
2023-03-24,os,Raspberry Pi OS (other),36.61
2023-03-24,os,Raspberry Pi OS (32-bit),30.62
2023-03-24,os,Ubuntu,9.46
2023-03-24,os,OctoPi,4.54
2023-03-24,os,Bootloader,3.94
2023-03-24,os,RetroPie,2.78
2023-03-24,os,Recalbox,2.72
2023-03-24,os,Home Assistant,2.05
2023-03-24,os,Mainsail OS,1.87
2023-03-24,os,LibreELEC,1.31
2023-03-24,os,Manjaro ARM Linux,0.81
2023-03-24,os,OSMC,0.65
2023-03-24,os,Homebridge,0.64
2023-03-24,os,Volumio,0.48
2023-03-24,os,OctoKlipperPi,0.47
2023-03-24,os,FullPageOS,0.34
2023-03-24,os,RISC OS Pi,0.27
2023-03-24,os,RaspberryMatic,0.13
2023-03-24,os,SimplyPi,0.10
2023-03-24,os,Apertis,0.10
2023-03-24,os,nymea,0.03
2023-03-24,os,Gladys Assistant,0.02
2023-03-24,os,info-beamer digital signage,0.02
2023-03-24,os,TLXOS,0.02
2023-03-24,os,Apertis (daily build),0.01
2023-03-24,os,Apertis (development release),0.01
2023-03-24,os,RaspberryMatic Nightly Snapshots,0.00
2023-03-24,os,ALT,0.00
2023-03-24,host_arch,x86_64,96.02
2023-03-24,host_arch,arm,2.34
2023-03-24,host_arch,arm64,1.22
2023-03-24,host_arch,i386,0.42
2023-03-24,locale,en_US,32.18
2023-03-24,locale,de_DE,12.19
2023-03-24,locale,en_GB,8.01
2023-03-24,locale,fr_FR,5.47
2023-03-24,locale,zh_CN,3.49
2023-03-24,locale,ja_JP,3.04
2023-03-24,locale,es_ES,2.71
2023-03-24,locale,en_IN,2.68
2023-03-24,locale,ru_RU,2.11
2023-03-24,locale,en_AU,2.04
2023-03-24,locale,it_IT,2.02
2023-03-24,locale,en_CA,2.01
2023-03-24,locale,pt_BR,1.96
2023-03-24,locale,nl_NL,1.88
2023-03-24,locale,ko_KR,1.71
2023-03-24,locale,pl_PL,1.67
2023-03-24,locale,en,0.98
2023-03-24,locale,de_AT,0.89
2023-03-24,locale,zh_TW,0.81
2023-03-24,locale,sv_SE,0.79
2023-03-24,locale,cs_CZ,0.79
2023-03-24,locale,es_MX,0.77
2023-03-24,locale,de_CH,0.71
2023-03-24,locale,tr_TR,0.59
2023-03-24,locale,en_NL,0.56
2023-03-24,locale,hu_HU,0.55
2023-03-24,locale,en_ZA,0.53
2023-03-24,locale,en_DE,0.53
2023-03-24,locale,da_DK,0.50
2023-03-24,locale,pt_PT,0.46
2023-03-24,locale,nl_BE,0.37
2023-03-24,locale,nb_NO,0.37
2023-03-24,locale,fr_CA,0.30
2023-03-24,locale,en_NZ,0.30
2023-03-24,locale,fi_FI,0.29
2023-03-24,locale,en_SE,0.28
2023-03-24,locale,fr_BE,0.28
2023-03-24,locale,es_AR,0.27
2023-03-24,locale,en_SG,0.27
2023-03-24,locale,es_CO,0.26
2023-03-24,locale,en_PH,0.26
2023-03-24,locale,sk_SK,0.25
2023-03-24,locale,en_IE,0.23
2023-03-24,locale,fr_CH,0.23
2023-03-24,locale,el_GR,0.22
2023-03-24,locale,es_CL,0.21
2023-03-24,locale,en_MY,0.21
2023-03-24,locale,en_BE,0.19
2023-03-24,locale,en_ID,0.19
2023-03-24,locale,th_TH,0.18
2023-03-24,locale,en_DK,0.16
2023-03-25,os,Raspberry Pi OS (other),36.64
2023-03-25,os,Raspberry Pi OS (32-bit),30.59
2023-03-25,os,Ubuntu,9.46
2023-03-25,os,OctoPi,4.49
2023-03-25,os,Bootloader,3.95
2023-03-25,os,RetroPie,2.81
2023-03-25,os,Recalbox,2.73
2023-03-25,os,Home Assistant,2.06
2023-03-25,os,Mainsail OS,1.91
2023-03-25,os,LibreELEC,1.31
2023-03-25,os,Manjaro ARM Linux,0.77
2023-03-25,os,OSMC,0.65
2023-03-25,os,Homebridge,0.64
2023-03-25,os,Volumio,0.48
2023-03-25,os,OctoKlipperPi,0.47
2023-03-25,os,FullPageOS,0.34
2023-03-25,os,RISC OS Pi,0.27
2023-03-25,os,RaspberryMatic,0.13
2023-03-25,os,SimplyPi,0.10
2023-03-25,os,Apertis,0.09
2023-03-25,os,nymea,0.03
2023-03-25,os,Gladys Assistant,0.02
2023-03-25,os,info-beamer digital signage,0.02
2023-03-25,os,TLXOS,0.02
2023-03-25,os,Apertis (daily build),0.01
2023-03-25,os,Apertis (development release),0.01
2023-03-25,os,RaspberryMatic Nightly Snapshots,0.00
2023-03-25,os,ALT,0.00
2023-03-25,host_arch,x86_64,96.01
2023-03-25,host_arch,arm,2.32
2023-03-25,host_arch,arm64,1.24
2023-03-25,host_arch,i386,0.43
2023-03-25,locale,en_US,32.13
2023-03-25,locale,de_DE,12.15
2023-03-25,locale,en_GB,8.01
2023-03-25,locale,fr_FR,5.49
2023-03-25,locale,zh_CN,3.53
2023-03-25,locale,ja_JP,3.06
2023-03-25,locale,en_IN,2.69
2023-03-25,locale,es_ES,2.68
2023-03-25,locale,ru_RU,2.09
2023-03-25,locale,en_AU,2.07
2023-03-25,locale,en_CA,2.01
2023-03-25,locale,it_IT,2.00
2023-03-25,locale,pt_BR,1.96
2023-03-25,locale,nl_NL,1.88
2023-03-25,locale,ko_KR,1.73
2023-03-25,locale,pl_PL,1.66
2023-03-25,locale,en,0.98
2023-03-25,locale,de_AT,0.89
2023-03-25,locale,sv_SE,0.80
2023-03-25,locale,zh_TW,0.80
2023-03-25,locale,cs_CZ,0.80
2023-03-25,locale,es_MX,0.76
2023-03-25,locale,de_CH,0.71
2023-03-25,locale,tr_TR,0.60
2023-03-25,locale,en_NL,0.56
2023-03-25,locale,hu_HU,0.55
2023-03-25,locale,en_ZA,0.54
2023-03-25,locale,en_DE,0.52
2023-03-25,locale,da_DK,0.50
2023-03-25,locale,pt_PT,0.46
2023-03-25,locale,nl_BE,0.37
2023-03-25,locale,nb_NO,0.36
2023-03-25,locale,en_NZ,0.31
2023-03-25,locale,fr_CA,0.30
2023-03-25,locale,fi_FI,0.29
2023-03-25,locale,en_SE,0.28
2023-03-25,locale,fr_BE,0.28
2023-03-25,locale,es_CO,0.27
2023-03-25,locale,en_SG,0.27
2023-03-25,locale,es_AR,0.27
2023-03-25,locale,en_PH,0.26
2023-03-25,locale,sk_SK,0.25
2023-03-25,locale,en_IE,0.24
2023-03-25,locale,fr_CH,0.23
2023-03-25,locale,el_GR,0.23
2023-03-25,locale,es_CL,0.21
2023-03-25,locale,en_MY,0.21
2023-03-25,locale,en_BE,0.19
2023-03-25,locale,en_ID,0.19
2023-03-25,locale,th_TH,0.19
2023-03-25,locale,en_DK,0.16
2023-04-25,os,Raspberry Pi OS (other),36.66
2023-04-25,os,Raspberry Pi OS (32-bit),29.17
2023-04-25,os,Ubuntu,9.97
2023-04-25,os,OctoPi,4.08
2023-04-25,os,Bootloader,3.83
2023-04-25,os,Home Assistant,3.26
2023-04-25,os,RetroPie,2.94
2023-04-25,os,Recalbox,2.55
2023-04-25,os,Mainsail OS,2.09
2023-04-25,os,LibreELEC,1.35
2023-04-25,os,Homebridge,0.67
2023-04-25,os,OSMC,0.61
2023-04-25,os,OctoKlipperPi,0.50
2023-04-25,os,Volumio,0.42
2023-04-25,os,FullPageOS,0.35
2023-04-25,os,RISC OS Pi,0.29
2023-04-25,os,Kali Linux,0.28
2023-04-25,os,Apertis,0.14
2023-04-25,os,PINN,0.14
2023-04-25,os,RaspberryMatic,0.13
2023-04-25,os,moOde audio player,0.11
2023-04-25,os,Lakka,0.09
2023-04-25,os,SimplyPi,0.07
2023-04-25,os,Anthias,0.06
2023-04-25,os,openHAB,0.04
2023-04-25,os,Gladys Assistant,0.03
2023-04-25,os,info-beamer digital signage,0.02
2023-04-25,os,nymea,0.02
2023-04-25,os,TLXOS,0.02
2023-04-25,os,Yodeck Digital Signage,0.01
2023-04-25,os,"SimplyPrint - 3D print anywhere, smarter",0.01
2023-04-25,os,Apertis (daily build),0.01
2023-04-25,os,MoodleBox,0.01
2023-04-25,os,Apertis (development release),0.01
2023-04-25,os,XOGO Digital Signage,0.01
2023-04-25,os,Screenly Player,0.01
2023-04-25,os,PC,0.01
2023-04-25,os,Falcon Player (FPP),0.00
2023-04-25,os,Handheld devices,0.00
2023-04-25,os,Lakka Nightly,0.00
2023-04-25,os,RaspberryMatic Nightly Snapshots,0.00
2023-04-25,os,ALT,0.00
2023-04-25,os,RK3288,0.00
2023-04-25,os,Amlogic,0.00
2023-04-25,os,H3,0.00
2023-04-25,os,iMX6,0.00
2023-04-25,os,RK3328,0.00
2023-04-25,host_arch,x86_64,95.98
2023-04-25,host_arch,arm,1.97
2023-04-25,host_arch,arm64,1.60
2023-04-25,host_arch,i386,0.44
2023-04-25,locale,en_US,31.84
2023-04-25,locale,de_DE,11.81
2023-04-25,locale,en_GB,8.17
2023-04-25,locale,fr_FR,5.24
2023-04-25,locale,zh_CN,3.72
2023-04-25,locale,ja_JP,3.40
2023-04-25,locale,en_IN,2.96
2023-04-25,locale,es_ES,2.54
2023-04-25,locale,pt_BR,2.22
2023-04-25,locale,en_AU,2.04
2023-04-25,locale,ru_RU,2.01
2023-04-25,locale,en_CA,2.00
2023-04-25,locale,it_IT,1.92
2023-04-25,locale,nl_NL,1.90
2023-04-25,locale,pl_PL,1.62
2023-04-25,locale,ko_KR,1.57
2023-04-25,locale,en,1.07
2023-04-25,locale,de_AT,0.88
2023-04-25,locale,sv_SE,0.81
2023-04-25,locale,cs_CZ,0.80
2023-04-25,locale,zh_TW,0.78
2023-04-25,locale,de_CH,0.78
2023-04-25,locale,es_MX,0.72
2023-04-25,locale,en_NL,0.61
2023-04-25,locale,tr_TR,0.60
2023-04-25,locale,en_ZA,0.58
2023-04-25,locale,en_DE,0.57
2023-04-25,locale,da_DK,0.53
2023-04-25,locale,hu_HU,0.51
2023-04-25,locale,pt_PT,0.47
2023-04-25,locale,nl_BE,0.37
2023-04-25,locale,en_NZ,0.35
2023-04-25,locale,es_AR,0.33
2023-04-25,locale,nb_NO,0.32
2023-04-25,locale,fr_CA,0.30
2023-04-25,locale,fr_BE,0.29
2023-04-25,locale,es_CO,0.27
2023-04-25,locale,fi_FI,0.26
2023-04-25,locale,en_SE,0.26
2023-04-25,locale,en_PH,0.25
2023-04-25,locale,en_SG,0.25
2023-04-25,locale,es_CL,0.23
2023-04-25,locale,en_IE,0.22
2023-04-25,locale,sk_SK,0.22
2023-04-25,locale,en_MY,0.21
2023-04-25,locale,el_GR,0.21
2023-04-25,locale,th_TH,0.21
2023-04-25,locale,en_BE,0.20
2023-04-25,locale,fr_CH,0.20
2023-04-25,locale,uk_UA,0.19
2023-04-25,locale,en_IL,0.18
2023-06-04,os,Raspberry Pi OS (other),35.33
2023-06-04,os,Raspberry Pi OS (32-bit),28.44
2023-06-04,os,Ubuntu,9.38
2023-06-04,os,Home Assistant,5.73
2023-06-04,os,OctoPi,3.62
2023-06-04,os,Bootloader,3.35
2023-06-04,os,RetroPie,2.79
2023-06-04,os,Recalbox,2.21
2023-06-04,os,Mainsail OS,2.04
2023-06-04,os,LibreELEC,1.16
2023-06-04,os,Kali Linux,1.02
2023-06-04,os,Homebridge,0.63
2023-06-04,os,OSMC,0.61
2023-06-04,os,PINN,0.52
2023-06-04,os,OctoKlipperPi,0.41
2023-06-04,os,Volumio,0.38
2023-06-04,os,moOde audio player,0.35
2023-06-04,os,Lakka,0.35
2023-06-04,os,FullPageOS,0.32
2023-06-04,os,RISC OS Pi,0.29
2023-06-04,os,Anthias,0.19
2023-06-04,os,openHAB,0.15
2023-06-04,os,RaspberryMatic,0.12
2023-06-04,os,Apertis,0.10
2023-06-04,os,"SimplyPrint - 3D print anywhere, smarter",0.10
2023-06-04,os,DAKboard,0.06
2023-06-04,os,MoodleBox,0.05
2023-06-04,os,Yodeck Digital Signage,0.04
2023-06-04,os,Gladys Assistant,0.04
2023-06-04,os,nymea,0.03
2023-06-04,os,Screenly Player,0.03
2023-06-04,os,PC,0.02
2023-06-04,os,info-beamer digital signage,0.02
2023-06-04,os,Falcon Player (FPP),0.02
2023-06-04,os,TLXOS,0.02
2023-06-04,os,XOGO Digital Signage,0.02
2023-06-04,os,Handheld devices,0.01
2023-06-04,os,Apertis (daily build),0.01
2023-06-04,os,Apertis (development release),0.01
2023-06-04,os,Lakka Nightly,0.01
2023-06-04,os,Other devices,0.00
2023-06-04,os,Lakka Development,0.00
2023-06-04,os,RK3399,0.00
2023-06-04,os,Exynos,0.00
2023-06-04,os,Amlogic,0.00
2023-06-04,os,ALT,0.00
2023-06-04,os,H6,0.00
2023-06-04,os,Rockchip Handheld,0.00
2023-06-04,os,RaspberryMatic Nightly Snapshots,0.00
2023-06-04,os,RK3328,0.00
2023-06-04,os,RK3288,0.00
2023-06-04,host_arch,x86_64,96.19
2023-06-04,host_arch,arm,1.72
2023-06-04,host_arch,arm64,1.67
2023-06-04,host_arch,i386,0.42
2023-06-04,locale,en_US,32.35
2023-06-04,locale,de_DE,11.04
2023-06-04,locale,en_GB,8.23
2023-06-04,locale,fr_FR,5.18
2023-06-04,locale,zh_CN,3.59
2023-06-04,locale,ja_JP,3.32
2023-06-04,locale,en_IN,2.73
2023-06-04,locale,es_ES,2.69
2023-06-04,locale,pt_BR,2.24
2023-06-04,locale,en_AU,2.21
2023-06-04,locale,it_IT,2.18
2023-06-04,locale,ko_KR,1.99
2023-06-04,locale,ru_RU,1.83
2023-06-04,locale,nl_NL,1.80
2023-06-04,locale,en_CA,1.77
2023-06-04,locale,pl_PL,1.48
2023-06-04,locale,en,1.02
2023-06-04,locale,de_AT,0.84
2023-06-04,locale,es_MX,0.79
2023-06-04,locale,zh_TW,0.78
2023-06-04,locale,cs_CZ,0.75
2023-06-04,locale,sv_SE,0.74
2023-06-04,locale,de_CH,0.72
2023-06-04,locale,en_ZA,0.66
2023-06-04,locale,en_NL,0.66
2023-06-04,locale,tr_TR,0.61
2023-06-04,locale,en_DE,0.61
2023-06-04,locale,pt_PT,0.48
2023-06-04,locale,hu_HU,0.48
2023-06-04,locale,da_DK,0.48
2023-06-04,locale,en_NZ,0.41
2023-06-04,locale,es_AR,0.39
2023-06-04,locale,nl_BE,0.37
2023-06-04,locale,nb_NO,0.33
2023-06-04,locale,en_MY,0.31
2023-06-04,locale,en_PH,0.30
2023-06-04,locale,es_CO,0.30
2023-06-04,locale,en_SG,0.30
2023-06-04,locale,fr_BE,0.28
2023-06-04,locale,es_CL,0.27
2023-06-04,locale,en_SE,0.27
2023-06-04,locale,fr_CA,0.25
2023-06-04,locale,fr_CH,0.24
2023-06-04,locale,sk_SK,0.23
2023-06-04,locale,en_ID,0.23
2023-06-04,locale,fi_FI,0.23
2023-06-04,locale,el_GR,0.22
2023-06-04,locale,en_IE,0.22
2023-06-04,locale,th_TH,0.21
2023-06-04,locale,en_BE,0.20
2023-06-04,locale,en_DK,0.18
2023-09-22,os,Raspberry Pi OS (other),35.26
2023-09-22,os,Raspberry Pi OS (32-bit),26.49
2023-09-22,os,Ubuntu,9.77
2023-09-22,os,Home Assistant,6.47
2023-09-22,os,Bootloader,3.50
2023-09-22,os,OctoPi,3.48
2023-09-22,os,RetroPie,2.84
2023-09-22,os,Recalbox,2.11
2023-09-22,os,Mainsail OS,1.68
2023-09-22,os,LibreELEC,1.22
2023-09-22,os,Kali Linux,1.21
2023-09-22,os,Homebridge,0.68
2023-09-22,os,OSMC,0.61
2023-09-22,os,PINN,0.58
2023-09-22,os,Android by emteria,0.54
2023-09-22,os,Volumio,0.46
2023-09-22,os,moOde audio player,0.40
2023-09-22,os,OctoKlipperPi,0.40
2023-09-22,os,Lakka,0.33
2023-09-22,os,DAKboard,0.33
2023-09-22,os,FullPageOS,0.31
2023-09-22,os,RISC OS Pi,0.29
2023-09-22,os,Anthias,0.19
2023-09-22,os,openHAB,0.15
2023-09-22,os,"SimplyPrint - 3D print anywhere, smarter",0.12
2023-09-22,os,Apertis,0.12
2023-09-22,os,RaspberryMatic,0.11
2023-09-22,os,Falcon Player (FPP),0.07
2023-09-22,os,Yodeck Digital Signage,0.04
2023-09-22,os,MoodleBox,0.04
2023-09-22,os,Gladys Assistant,0.03
2023-09-22,os,nymea,0.03
2023-09-22,os,PC,0.02
2023-09-22,os,info-beamer digital signage,0.02
2023-09-22,os,TLXOS,0.02
2023-09-22,os,Screenly Player,0.02
2023-09-22,os,PrintWatch,0.02
2023-09-22,os,XOGO Digital Signage,0.01
2023-09-22,os,Handheld devices,0.01
2023-09-22,os,Apertis (daily build),0.01
2023-09-22,os,Apertis (development release),0.01
2023-09-22,os,Lakka Nightly,0.01
2023-09-22,os,Lakka Development,0.00
2023-09-22,os,Other devices,0.00
2023-09-22,os,Rockchip Handheld,0.00
2023-09-22,os,Amlogic,0.00
2023-09-22,os,RaspberryMatic Nightly Snapshots,0.00
2023-09-22,os,Exynos,0.00
2023-09-22,os,H3,0.00
2023-09-22,os,ALT,0.00
2023-09-22,os,H6,0.00
2023-09-22,host_arch,x86_64,95.54
2023-09-22,host_arch,arm,2.17
2023-09-22,host_arch,arm64,1.98
2023-09-22,host_arch,i386,0.31
2023-09-22,locale,en_US,32.87
2023-09-22,locale,de_DE,11.62
2023-09-22,locale,en_GB,8.20
2023-09-22,locale,fr_FR,4.83
2023-09-22,locale,zh_CN,3.88
2023-09-22,locale,ja_JP,3.04
2023-09-22,locale,en_IN,2.95
2023-09-22,locale,es_ES,2.38
2023-09-22,locale,en_AU,2.11
2023-09-22,locale,pt_BR,2.10
2023-09-22,locale,ko_KR,2.00
2023-09-22,locale,it_IT,1.95
2023-09-22,locale,en_CA,1.90
2023-09-22,locale,nl_NL,1.80
2023-09-22,locale,ru_RU,1.78
2023-09-22,locale,en,1.45
2023-09-22,locale,pl_PL,1.43
2023-09-22,locale,zh_TW,0.85
2023-09-22,locale,de_AT,0.82
2023-09-22,locale,sv_SE,0.77
2023-09-22,locale,cs_CZ,0.76
2023-09-22,locale,es_MX,0.72
2023-09-22,locale,de_CH,0.68
2023-09-22,locale,en_NL,0.59
2023-09-22,locale,en_ZA,0.58
2023-09-22,locale,en_DE,0.55
2023-09-22,locale,tr_TR,0.53
2023-09-22,locale,da_DK,0.46
2023-09-22,locale,hu_HU,0.44
2023-09-22,locale,pt_PT,0.44
2023-09-22,locale,es_AR,0.40
2023-09-22,locale,nl_BE,0.39
2023-09-22,locale,en_NZ,0.37
2023-09-22,locale,nb_NO,0.34
2023-09-22,locale,fr_CA,0.31
2023-09-22,locale,en_SG,0.29
2023-09-22,locale,es_CL,0.29
2023-09-22,locale,en_SE,0.28
2023-09-22,locale,fi_FI,0.27
2023-09-22,locale,th_TH,0.25
2023-09-22,locale,es_CO,0.25
2023-09-22,locale,fr_BE,0.24
2023-09-22,locale,en_IE,0.24
2023-09-22,locale,en_MY,0.23
2023-09-22,locale,sk_SK,0.22
2023-09-22,locale,fr_CH,0.21
2023-09-22,locale,en_BE,0.20
2023-09-22,locale,en_ID,0.20
2023-09-22,locale,en_IL,0.19
2023-09-22,locale,el_GR,0.19
2023-09-22,locale,en_PH,0.17
2023-10-07,os,Raspberry Pi OS (other),35.58
2023-10-07,os,Raspberry Pi OS (32-bit),26.62
2023-10-07,os,Ubuntu,9.65
2023-10-07,os,Home Assistant,6.41
2023-10-07,os,Bootloader,3.44
2023-10-07,os,OctoPi,3.39
2023-10-07,os,RetroPie,2.76
2023-10-07,os,Recalbox,2.02
2023-10-07,os,Mainsail OS,1.64
2023-10-07,os,Kali Linux,1.24
2023-10-07,os,LibreELEC,1.24
2023-10-07,os,Homebridge,0.72
2023-10-07,os,PINN,0.62
2023-10-07,os,OSMC,0.61
2023-10-07,os,Android by emteria,0.52
2023-10-07,os,Volumio,0.45
2023-10-07,os,moOde audio player,0.40
2023-10-07,os,OctoKlipperPi,0.38
2023-10-07,os,FullPageOS,0.32
2023-10-07,os,DAKboard,0.32
2023-10-07,os,Lakka,0.30
2023-10-07,os,RISC OS Pi,0.30
2023-10-07,os,Anthias,0.19
2023-10-07,os,openHAB,0.16
2023-10-07,os,RaspberryMatic,0.12
2023-10-07,os,Apertis,0.12
2023-10-07,os,"SimplyPrint - 3D print anywhere, smarter",0.10
2023-10-07,os,Falcon Player (FPP),0.10
2023-10-07,os,MoodleBox,0.04
2023-10-07,os,Yodeck Digital Signage,0.04
2023-10-07,os,Gladys Assistant,0.03
2023-10-07,os,nymea,0.03
2023-10-07,os,PC,0.02
2023-10-07,os,TLXOS,0.02
2023-10-07,os,info-beamer digital signage,0.02
2023-10-07,os,XOGO Digital Signage,0.02
2023-10-07,os,PrintWatch,0.02
2023-10-07,os,Screenly Player,0.02
2023-10-07,os,Handheld devices,0.01
2023-10-07,os,Apertis (development release),0.01
2023-10-07,os,Apertis (daily build),0.01
2023-10-07,os,Lakka Nightly,0.01
2023-10-07,os,Amlogic,0.00
2023-10-07,os,RaspberryMatic Nightly Snapshots,0.00
2023-10-07,os,Lakka Development,0.00
2023-10-07,os,Rockchip Handheld,0.00
2023-10-07,os,Other devices,0.00
2023-10-07,os,RK3328,0.00
2023-10-07,os,RK3288,0.00
2023-10-07,os,Exynos,0.00
2023-10-07,os,iMX6,0.00
2023-10-07,host_arch,x86_64,95.40
2023-10-07,host_arch,arm,2.26
2023-10-07,host_arch,arm64,2.01
2023-10-07,host_arch,i386,0.33
2023-10-07,locale,en_US,32.38
2023-10-07,locale,de_DE,12.24
2023-10-07,locale,en_GB,8.24
2023-10-07,locale,fr_FR,4.72
2023-10-07,locale,zh_CN,3.44
2023-10-07,locale,ja_JP,3.10
2023-10-07,locale,en_IN,2.89
2023-10-07,locale,es_ES,2.47
2023-10-07,locale,en_AU,2.16
2023-10-07,locale,pt_BR,2.02
2023-10-07,locale,it_IT,1.98
2023-10-07,locale,en_CA,1.95
2023-10-07,locale,ru_RU,1.85
2023-10-07,locale,nl_NL,1.78
2023-10-07,locale,ko_KR,1.77
2023-10-07,locale,pl_PL,1.51
2023-10-07,locale,en,1.49
2023-10-07,locale,de_AT,0.87
2023-10-07,locale,cs_CZ,0.82
2023-10-07,locale,zh_TW,0.80
2023-10-07,locale,sv_SE,0.77
2023-10-07,locale,de_CH,0.73
2023-10-07,locale,es_MX,0.72
2023-10-07,locale,en_NL,0.62
2023-10-07,locale,en_ZA,0.61
2023-10-07,locale,en_DE,0.53
2023-10-07,locale,tr_TR,0.51
2023-10-07,locale,da_DK,0.51
2023-10-07,locale,hu_HU,0.49
2023-10-07,locale,pt_PT,0.44
2023-10-07,locale,nl_BE,0.41
2023-10-07,locale,en_NZ,0.37
2023-10-07,locale,es_AR,0.36
2023-10-07,locale,nb_NO,0.35
2023-10-07,locale,en_SE,0.31
2023-10-07,locale,en_SG,0.30
2023-10-07,locale,fr_CA,0.29
2023-10-07,locale,es_CL,0.29
2023-10-07,locale,fi_FI,0.28
2023-10-07,locale,en_MY,0.25
2023-10-07,locale,th_TH,0.24
2023-10-07,locale,es_CO,0.24
2023-10-07,locale,fr_BE,0.24
2023-10-07,locale,en_IE,0.23
2023-10-07,locale,sk_SK,0.22
2023-10-07,locale,el_GR,0.22
2023-10-07,locale,en_BE,0.21
2023-10-07,locale,fr_CH,0.21
2023-10-07,locale,en_ID,0.20
2023-10-07,locale,de,0.19
2023-10-07,locale,en_IL,0.18
2023-10-09,os,Raspberry Pi OS (other),35.54
2023-10-09,os,Raspberry Pi OS (32-bit),26.49
2023-10-09,os,Ubuntu,9.60
2023-10-09,os,Home Assistant,6.38
2023-10-09,os,OctoPi,3.45
2023-10-09,os,Bootloader,3.44
2023-10-09,os,RetroPie,2.80
2023-10-09,os,Recalbox,2.07
2023-10-09,os,Mainsail OS,1.64
2023-10-09,os,Kali Linux,1.26
2023-10-09,os,LibreELEC,1.25
2023-10-09,os,Homebridge,0.73
2023-10-09,os,PINN,0.63
2023-10-09,os,OSMC,0.62
2023-10-09,os,Android by emteria,0.51
2023-10-09,os,Volumio,0.45
2023-10-09,os,moOde audio player,0.40
2023-10-09,os,OctoKlipperPi,0.38
2023-10-09,os,DAKboard,0.32
2023-10-09,os,FullPageOS,0.32
2023-10-09,os,Lakka,0.31
2023-10-09,os,RISC OS Pi,0.30
2023-10-09,os,Anthias,0.19
2023-10-09,os,openHAB,0.16
2023-10-09,os,RaspberryMatic,0.13
2023-10-09,os,Apertis,0.12
2023-10-09,os,Falcon Player (FPP),0.10
2023-10-09,os,"SimplyPrint - 3D print anywhere, smarter",0.10
2023-10-09,os,MoodleBox,0.04
2023-10-09,os,Yodeck Digital Signage,0.04
2023-10-09,os,Gladys Assistant,0.03
2023-10-09,os,nymea,0.03
2023-10-09,os,PC,0.02
2023-10-09,os,TLXOS,0.02
2023-10-09,os,info-beamer digital signage,0.02
2023-10-09,os,XOGO Digital Signage,0.02
2023-10-09,os,Screenly Player,0.02
2023-10-09,os,PrintWatch,0.02
2023-10-09,os,Handheld devices,0.01
2023-10-09,os,Apertis (daily build),0.01
2023-10-09,os,Apertis (development release),0.01
2023-10-09,os,Lakka Nightly,0.01
2023-10-09,os,Amlogic,0.00
2023-10-09,os,RaspberryMatic Nightly Snapshots,0.00
2023-10-09,os,Other devices,0.00
2023-10-09,os,Lakka Development,0.00
2023-10-09,os,Rockchip Handheld,0.00
2023-10-09,os,RK3328,0.00
2023-10-09,os,RK3288,0.00
2023-10-09,os,Exynos,0.00
2023-10-09,os,RK3399,0.00
2023-10-09,host_arch,x86_64,95.37
2023-10-09,host_arch,arm,2.28
2023-10-09,host_arch,arm64,2.03
2023-10-09,host_arch,i386,0.33
2023-10-09,locale,en_US,32.54
2023-10-09,locale,de_DE,12.29
2023-10-09,locale,en_GB,8.29
2023-10-09,locale,fr_FR,4.72
2023-10-09,locale,zh_CN,3.41
2023-10-09,locale,ja_JP,3.11
2023-10-09,locale,en_IN,2.84
2023-10-09,locale,es_ES,2.46
2023-10-09,locale,en_AU,2.17
2023-10-09,locale,pt_BR,2.01
2023-10-09,locale,en_CA,1.97
2023-10-09,locale,it_IT,1.96
2023-10-09,locale,ru_RU,1.84
2023-10-09,locale,nl_NL,1.77
2023-10-09,locale,ko_KR,1.66
2023-10-09,locale,pl_PL,1.53
2023-10-09,locale,en,1.49
2023-10-09,locale,de_AT,0.88
2023-10-09,locale,cs_CZ,0.82
2023-10-09,locale,zh_TW,0.76
2023-10-09,locale,sv_SE,0.76
2023-10-09,locale,es_MX,0.72
2023-10-09,locale,de_CH,0.72
2023-10-09,locale,en_NL,0.62
2023-10-09,locale,en_ZA,0.60
2023-10-09,locale,en_DE,0.54
2023-10-09,locale,da_DK,0.52
2023-10-09,locale,tr_TR,0.51
2023-10-09,locale,hu_HU,0.49
2023-10-09,locale,pt_PT,0.44
2023-10-09,locale,nl_BE,0.42
2023-10-09,locale,en_NZ,0.37
2023-10-09,locale,es_AR,0.36
2023-10-09,locale,nb_NO,0.35
2023-10-09,locale,en_SE,0.31
2023-10-09,locale,fr_CA,0.30
2023-10-09,locale,es_CL,0.29
2023-10-09,locale,fi_FI,0.28
2023-10-09,locale,en_SG,0.26
2023-10-09,locale,es_CO,0.25
2023-10-09,locale,fr_BE,0.24
2023-10-09,locale,en_MY,0.24
2023-10-09,locale,th_TH,0.24
2023-10-09,locale,en_IE,0.23
2023-10-09,locale,el_GR,0.22
2023-10-09,locale,sk_SK,0.21
2023-10-09,locale,en_BE,0.20
2023-10-09,locale,fr_CH,0.20
2023-10-09,locale,en_ID,0.20
2023-10-09,locale,de,0.19
2023-10-09,locale,uk_UA,0.19
2023-10-12,os,Raspberry Pi OS (other),36.12
2023-10-12,os,Raspberry Pi OS (32-bit),26.79
2023-10-12,os,Ubuntu,9.49
2023-10-12,os,Home Assistant,6.22
2023-10-12,os,OctoPi,3.39
2023-10-12,os,Bootloader,3.34
2023-10-12,os,RetroPie,2.72
2023-10-12,os,Recalbox,2.00
2023-10-12,os,Mainsail OS,1.57
2023-10-12,os,Kali Linux,1.23
2023-10-12,os,LibreELEC,1.22
2023-10-12,os,Homebridge,0.72
2023-10-12,os,PINN,0.62
2023-10-12,os,OSMC,0.61
2023-10-12,os,Android by emteria,0.49
2023-10-12,os,Volumio,0.45
2023-10-12,os,moOde audio player,0.39
2023-10-12,os,OctoKlipperPi,0.36
2023-10-12,os,FullPageOS,0.32
2023-10-12,os,DAKboard,0.31
2023-10-12,os,RISC OS Pi,0.29
2023-10-12,os,Lakka,0.29
2023-10-12,os,Anthias,0.19
2023-10-12,os,openHAB,0.16
2023-10-12,os,RaspberryMatic,0.12
2023-10-12,os,Apertis,0.11
2023-10-12,os,Falcon Player (FPP),0.11
2023-10-12,os,"SimplyPrint - 3D print anywhere, smarter",0.09
2023-10-12,os,MoodleBox,0.04
2023-10-12,os,Yodeck Digital Signage,0.04
2023-10-12,os,Gladys Assistant,0.03
2023-10-12,os,nymea,0.03
2023-10-12,os,PC,0.02
2023-10-12,os,TLXOS,0.02
2023-10-12,os,info-beamer digital signage,0.02
2023-10-12,os,XOGO Digital Signage,0.02
2023-10-12,os,Screenly Player,0.02
2023-10-12,os,PrintWatch,0.01
2023-10-12,os,Handheld devices,0.01
2023-10-12,os,Apertis (development release),0.01
2023-10-12,os,Apertis (daily build),0.01
2023-10-12,os,Lakka Nightly,0.00
2023-10-12,os,Amlogic,0.00
2023-10-12,os,RaspberryMatic Nightly Snapshots,0.00
2023-10-12,os,Other devices,0.00
2023-10-12,os,Lakka Development,0.00
2023-10-12,os,Rockchip Handheld,0.00
2023-10-12,os,RK3328,0.00
2023-10-12,os,RK3288,0.00
2023-10-12,os,H6,0.00
2023-10-12,os,ALT,0.00
2023-10-12,host_arch,x86_64,95.36
2023-10-12,host_arch,arm,2.27
2023-10-12,host_arch,arm64,2.05
2023-10-12,host_arch,i386,0.32
2023-10-12,locale,en_US,32.16
2023-10-12,locale,de_DE,12.36
2023-10-12,locale,en_GB,8.39
2023-10-12,locale,fr_FR,4.66
2023-10-12,locale,zh_CN,3.42
2023-10-12,locale,ja_JP,3.17
2023-10-12,locale,en_IN,2.86
2023-10-12,locale,es_ES,2.46
2023-10-12,locale,en_AU,2.15
2023-10-12,locale,pt_BR,1.98
2023-10-12,locale,it_IT,1.95
2023-10-12,locale,en_CA,1.95
2023-10-12,locale,ru_RU,1.89
2023-10-12,locale,nl_NL,1.81
2023-10-12,locale,ko_KR,1.68
2023-10-12,locale,pl_PL,1.53
2023-10-12,locale,en,1.48
2023-10-12,locale,de_AT,0.89
2023-10-12,locale,cs_CZ,0.83
2023-10-12,locale,sv_SE,0.78
2023-10-12,locale,zh_TW,0.77
2023-10-12,locale,es_MX,0.75
2023-10-12,locale,de_CH,0.72
2023-10-12,locale,en_NL,0.61
2023-10-12,locale,en_ZA,0.60
2023-10-12,locale,en_DE,0.54
2023-10-12,locale,da_DK,0.53
2023-10-12,locale,tr_TR,0.53
2023-10-12,locale,hu_HU,0.49
2023-10-12,locale,pt_PT,0.43
2023-10-12,locale,nl_BE,0.43
2023-10-12,locale,nb_NO,0.37
2023-10-12,locale,en_NZ,0.37
2023-10-12,locale,es_AR,0.34
2023-10-12,locale,en_SE,0.30
2023-10-12,locale,es_CL,0.28
2023-10-12,locale,fi_FI,0.28
2023-10-12,locale,fr_CA,0.28
2023-10-12,locale,th_TH,0.25
2023-10-12,locale,fr_BE,0.25
2023-10-12,locale,en_SG,0.25
2023-10-12,locale,es_CO,0.25
2023-10-12,locale,en_MY,0.25
2023-10-12,locale,en_IE,0.24
2023-10-12,locale,el_GR,0.23
2023-10-12,locale,sk_SK,0.22
2023-10-12,locale,en_ID,0.21
2023-10-12,locale,en_BE,0.21
2023-10-12,locale,fr_CH,0.21
2023-10-12,locale,de,0.19
2023-10-12,locale,uk_UA,0.19
2023-10-14,os,Raspberry Pi OS (other),36.83
2023-10-14,os,Raspberry Pi OS (32-bit),26.57
2023-10-14,os,Ubuntu,9.33
2023-10-14,os,Home Assistant,6.14
2023-10-14,os,OctoPi,3.37
2023-10-14,os,Bootloader,3.28
2023-10-14,os,RetroPie,2.69
2023-10-14,os,Recalbox,1.98
2023-10-14,os,Mainsail OS,1.54
2023-10-14,os,Kali Linux,1.20
2023-10-14,os,LibreELEC,1.20
2023-10-14,os,Homebridge,0.71
2023-10-14,os,PINN,0.62
2023-10-14,os,OSMC,0.60
2023-10-14,os,Android by emteria,0.49
2023-10-14,os,Volumio,0.45
2023-10-14,os,moOde audio player,0.38
2023-10-14,os,OctoKlipperPi,0.35
2023-10-14,os,FullPageOS,0.32
2023-10-14,os,DAKboard,0.30
2023-10-14,os,RISC OS Pi,0.29
2023-10-14,os,Lakka,0.28
2023-10-14,os,Anthias,0.19
2023-10-14,os,openHAB,0.16
2023-10-14,os,RaspberryMatic,0.12
2023-10-14,os,Apertis,0.11
2023-10-14,os,Falcon Player (FPP),0.11
2023-10-14,os,"SimplyPrint - 3D print anywhere, smarter",0.08
2023-10-14,os,Yodeck Digital Signage,0.04
2023-10-14,os,MoodleBox,0.04
2023-10-14,os,Gladys Assistant,0.03
2023-10-14,os,nymea,0.03
2023-10-14,os,PC,0.02
2023-10-14,os,TLXOS,0.02
2023-10-14,os,info-beamer digital signage,0.02
2023-10-14,os,Screenly Player,0.02
2023-10-14,os,XOGO Digital Signage,0.02
2023-10-14,os,PrintWatch,0.01
2023-10-14,os,Handheld devices,0.01
2023-10-14,os,Apertis (development release),0.01
2023-10-14,os,Apertis (daily build),0.01
2023-10-14,os,Lakka Nightly,0.00
2023-10-14,os,RaspberryMatic Nightly Snapshots,0.00
2023-10-14,os,Amlogic,0.00
2023-10-14,os,Lakka Development,0.00
2023-10-14,os,Other devices,0.00
2023-10-14,os,Rockchip Handheld,0.00
2023-10-14,os,RK3328,0.00
2023-10-14,os,RK3288,0.00
2023-10-14,os,H6,0.00
2023-10-14,os,ALT,0.00
2023-10-14,host_arch,x86_64,95.23
2023-10-14,host_arch,arm,2.27
2023-10-14,host_arch,arm64,2.18
2023-10-14,host_arch,i386,0.32
2023-10-14,locale,en_US,32.01
2023-10-14,locale,de_DE,12.53
2023-10-14,locale,en_GB,8.46
2023-10-14,locale,fr_FR,4.65
2023-10-14,locale,zh_CN,3.44
2023-10-14,locale,ja_JP,3.19
2023-10-14,locale,en_IN,2.85
2023-10-14,locale,es_ES,2.45
2023-10-14,locale,en_AU,2.16
2023-10-14,locale,it_IT,1.98
2023-10-14,locale,en_CA,1.97
2023-10-14,locale,pt_BR,1.96
2023-10-14,locale,ru_RU,1.87
2023-10-14,locale,nl_NL,1.84
2023-10-14,locale,ko_KR,1.57
2023-10-14,locale,pl_PL,1.54
2023-10-14,locale,en,1.47
2023-10-14,locale,de_AT,0.89
2023-10-14,locale,cs_CZ,0.84
2023-10-14,locale,sv_SE,0.79
2023-10-14,locale,zh_TW,0.75
2023-10-14,locale,es_MX,0.74
2023-10-14,locale,de_CH,0.72
2023-10-14,locale,en_NL,0.61
2023-10-14,locale,en_ZA,0.60
2023-10-14,locale,en_DE,0.53
2023-10-14,locale,da_DK,0.53
2023-10-14,locale,tr_TR,0.53
2023-10-14,locale,hu_HU,0.48
2023-10-14,locale,nl_BE,0.43
2023-10-14,locale,pt_PT,0.42
2023-10-14,locale,nb_NO,0.38
2023-10-14,locale,en_NZ,0.37
2023-10-14,locale,es_AR,0.34
2023-10-14,locale,en_SE,0.30
2023-10-14,locale,fi_FI,0.29
2023-10-14,locale,es_CL,0.28
2023-10-14,locale,fr_CA,0.28
2023-10-14,locale,fr_BE,0.26
2023-10-14,locale,en_MY,0.26
2023-10-14,locale,es_CO,0.25
2023-10-14,locale,th_TH,0.25
2023-10-14,locale,en_SG,0.24
2023-10-14,locale,el_GR,0.24
2023-10-14,locale,en_IE,0.23
2023-10-14,locale,sk_SK,0.22
2023-10-14,locale,en_ID,0.21
2023-10-14,locale,en_BE,0.21
2023-10-14,locale,fr_CH,0.21
2023-10-14,locale,de,0.20
2023-10-14,locale,uk_UA,0.19
2023-10-15,os,Raspberry Pi OS (other),37.06
2023-10-15,os,Raspberry Pi OS (32-bit),26.46
2023-10-15,os,Ubuntu,9.26
2023-10-15,os,Home Assistant,6.10
2023-10-15,os,OctoPi,3.38
2023-10-15,os,Bootloader,3.27
2023-10-15,os,RetroPie,2.70
2023-10-15,os,Recalbox,1.98
2023-10-15,os,Mainsail OS,1.53
2023-10-15,os,Kali Linux,1.20
2023-10-15,os,LibreELEC,1.20
2023-10-15,os,Homebridge,0.71
2023-10-15,os,PINN,0.61
2023-10-15,os,OSMC,0.60
2023-10-15,os,Android by emteria,0.49
2023-10-15,os,Volumio,0.46
2023-10-15,os,moOde audio player,0.37
2023-10-15,os,OctoKlipperPi,0.35
2023-10-15,os,FullPageOS,0.32
2023-10-15,os,DAKboard,0.30
2023-10-15,os,RISC OS Pi,0.29
2023-10-15,os,Lakka,0.28
2023-10-15,os,Anthias,0.19
2023-10-15,os,openHAB,0.16
2023-10-15,os,RaspberryMatic,0.12
2023-10-15,os,Falcon Player (FPP),0.11
2023-10-15,os,Apertis,0.11
2023-10-15,os,"SimplyPrint - 3D print anywhere, smarter",0.08
2023-10-15,os,Yodeck Digital Signage,0.04
2023-10-15,os,MoodleBox,0.04
2023-10-15,os,Gladys Assistant,0.03
2023-10-15,os,nymea,0.03
2023-10-15,os,PC,0.02
2023-10-15,os,TLXOS,0.02
2023-10-15,os,Screenly Player,0.02
2023-10-15,os,info-beamer digital signage,0.02
2023-10-15,os,XOGO Digital Signage,0.02
2023-10-15,os,PrintWatch,0.01
2023-10-15,os,Handheld devices,0.01
2023-10-15,os,Apertis (daily build),0.01
2023-10-15,os,Apertis (development release),0.01
2023-10-15,os,Lakka Nightly,0.00
2023-10-15,os,RaspberryMatic Nightly Snapshots,0.00
2023-10-15,os,Amlogic,0.00
2023-10-15,os,Lakka Development,0.00
2023-10-15,os,Other devices,0.00
2023-10-15,os,Rockchip Handheld,0.00
2023-10-15,os,RK3328,0.00
2023-10-15,os,RK3288,0.00
2023-10-15,os,H6,0.00
2023-10-15,os,ALT,0.00
2023-10-15,host_arch,x86_64,95.20
2023-10-15,host_arch,arm,2.27
2023-10-15,host_arch,arm64,2.21
2023-10-15,host_arch,i386,0.32
2023-10-15,locale,en_US,32.16
2023-10-15,locale,de_DE,12.51
2023-10-15,locale,en_GB,8.41
2023-10-15,locale,fr_FR,4.65
2023-10-15,locale,zh_CN,3.42
2023-10-15,locale,ja_JP,3.24
2023-10-15,locale,en_IN,2.83
2023-10-15,locale,es_ES,2.46
2023-10-15,locale,en_AU,2.18
2023-10-15,locale,en_CA,2.00
2023-10-15,locale,it_IT,1.97
2023-10-15,locale,pt_BR,1.94
2023-10-15,locale,ru_RU,1.87
2023-10-15,locale,nl_NL,1.81
2023-10-15,locale,ko_KR,1.53
2023-10-15,locale,pl_PL,1.53
2023-10-15,locale,en,1.47
2023-10-15,locale,de_AT,0.89
2023-10-15,locale,cs_CZ,0.83
2023-10-15,locale,sv_SE,0.79
2023-10-15,locale,es_MX,0.75
2023-10-15,locale,zh_TW,0.74
2023-10-15,locale,de_CH,0.71
2023-10-15,locale,en_NL,0.61
2023-10-15,locale,en_ZA,0.60
2023-10-15,locale,en_DE,0.54
2023-10-15,locale,da_DK,0.53
2023-10-15,locale,tr_TR,0.53
2023-10-15,locale,hu_HU,0.48
2023-10-15,locale,nl_BE,0.44
2023-10-15,locale,pt_PT,0.42
2023-10-15,locale,en_NZ,0.37
2023-10-15,locale,nb_NO,0.37
2023-10-15,locale,es_AR,0.34
2023-10-15,locale,en_SE,0.30
2023-10-15,locale,fi_FI,0.29
2023-10-15,locale,es_CL,0.28
2023-10-15,locale,fr_CA,0.28
2023-10-15,locale,fr_BE,0.26
2023-10-15,locale,es_CO,0.25
2023-10-15,locale,en_MY,0.25
2023-10-15,locale,th_TH,0.24
2023-10-15,locale,en_SG,0.24
2023-10-15,locale,el_GR,0.24
2023-10-15,locale,en_IE,0.23
2023-10-15,locale,sk_SK,0.22
2023-10-15,locale,en_ID,0.21
2023-10-15,locale,en_BE,0.21
2023-10-15,locale,fr_CH,0.20
2023-10-15,locale,de,0.20
2023-10-15,locale,en_PH,0.19
2023-10-22,os,Raspberry Pi OS (other),37.84
2023-10-22,os,Raspberry Pi OS (32-bit),24.70
2023-10-22,os,Ubuntu,8.92
2023-10-22,os,Home Assistant,5.86
2023-10-22,os,OctoPi,3.21
2023-10-22,os,Bootloader,2.81
2023-10-22,os,Raspberry Pi OS (64-bit),2.66
2023-10-22,os,RetroPie,2.54
2023-10-22,os,Recalbox,1.84
2023-10-22,os,Mainsail OS,1.43
2023-10-22,os,LibreELEC,1.14
2023-10-22,os,Kali Linux,1.12
2023-10-22,os,Homebridge,0.69
2023-10-22,os,OSMC,0.58
2023-10-22,os,PINN,0.56
2023-10-22,os,Android by emteria,0.48
2023-10-22,os,Volumio,0.44
2023-10-22,os,moOde audio player,0.36
2023-10-22,os,OctoKlipperPi,0.33
2023-10-22,os,FullPageOS,0.31
2023-10-22,os,DAKboard,0.29
2023-10-22,os,RISC OS Pi,0.28
2023-10-22,os,Lakka,0.27
2023-10-22,os,Bootloader (Pi 4 family),0.25
2023-10-22,os,Anthias,0.18
2023-10-22,os,openHAB,0.16
2023-10-22,os,RaspberryMatic,0.14
2023-10-22,os,Falcon Player (FPP),0.12
2023-10-22,os,Apertis,0.10
2023-10-22,os,"SimplyPrint - 3D print anywhere, smarter",0.07
2023-10-22,os,Yodeck Digital Signage,0.04
2023-10-22,os,MoodleBox,0.04
2023-10-22,os,Gladys Assistant,0.03
2023-10-22,os,nymea,0.02
2023-10-22,os,PC,0.02
2023-10-22,os,info-beamer digital signage,0.02
2023-10-22,os,Screenly Player,0.02
2023-10-22,os,TLXOS,0.02
2023-10-22,os,XOGO Digital Signage,0.02
2023-10-22,os,PrintWatch,0.01
2023-10-22,os,Bootloader (Pi 5 family),0.01
2023-10-22,os,Handheld devices,0.01
2023-10-22,os,Apertis (development release),0.01
2023-10-22,os,Apertis (daily build),0.01
2023-10-22,os,RaspberryMatic Nightly Snapshots,0.00
2023-10-22,os,Amlogic,0.00
2023-10-22,os,Lakka Nightly,0.00
2023-10-22,os,Lakka Development,0.00
2023-10-22,os,Other devices,0.00
2023-10-22,os,H3,0.00
2023-10-22,os,Rockchip Handheld,0.00
2023-10-22,host_arch,x86_64,94.91
2023-10-22,host_arch,arm64,2.59
2023-10-22,host_arch,arm,2.20
2023-10-22,host_arch,i386,0.30
2023-10-22,locale,en_US,32.19
2023-10-22,locale,de_DE,12.67
2023-10-22,locale,en_GB,8.34
2023-10-22,locale,fr_FR,4.61
2023-10-22,locale,zh_CN,3.43
2023-10-22,locale,ja_JP,3.26
2023-10-22,locale,en_IN,2.85
2023-10-22,locale,es_ES,2.48
2023-10-22,locale,en_AU,2.10
2023-10-22,locale,it_IT,2.04
2023-10-22,locale,en_CA,2.01
2023-10-22,locale,pt_BR,1.87
2023-10-22,locale,ru_RU,1.85
2023-10-22,locale,nl_NL,1.82
2023-10-22,locale,pl_PL,1.49
2023-10-22,locale,ko_KR,1.47
2023-10-22,locale,en,1.43
2023-10-22,locale,de_AT,0.88
2023-10-22,locale,cs_CZ,0.82
2023-10-22,locale,sv_SE,0.79
2023-10-22,locale,es_MX,0.78
2023-10-22,locale,zh_TW,0.73
2023-10-22,locale,de_CH,0.72
2023-10-22,locale,en_NL,0.60
2023-10-22,locale,en_ZA,0.60
2023-10-22,locale,tr_TR,0.56
2023-10-22,locale,da_DK,0.54
2023-10-22,locale,en_DE,0.53
2023-10-22,locale,hu_HU,0.49
2023-10-22,locale,pt_PT,0.44
2023-10-22,locale,nl_BE,0.43
2023-10-22,locale,nb_NO,0.38
2023-10-22,locale,en_NZ,0.36
2023-10-22,locale,es_AR,0.32
2023-10-22,locale,en_MY,0.29
2023-10-22,locale,en_SE,0.29
2023-10-22,locale,es_CL,0.28
2023-10-22,locale,fi_FI,0.28
2023-10-22,locale,fr_BE,0.27
2023-10-22,locale,fr_CA,0.27
2023-10-22,locale,es_CO,0.26
2023-10-22,locale,en_SG,0.24
2023-10-22,locale,th_TH,0.23
2023-10-22,locale,el_GR,0.23
2023-10-22,locale,en_IE,0.22
2023-10-22,locale,sk_SK,0.22
2023-10-22,locale,en_BE,0.21
2023-10-22,locale,fr_CH,0.21
2023-10-22,locale,en_PH,0.21
2023-10-22,locale,de,0.20
2023-10-22,locale,en_ID,0.20
2023-12-11,os,Raspberry Pi OS (other),25.57
2023-12-11,os,Raspberry Pi OS (64-bit),23.15
2023-12-11,os,Raspberry Pi OS (Legacy),10.87
2023-12-11,os,Ubuntu,9.19
2023-12-11,os,Home Assistant,6.57
2023-12-11,os,Raspberry Pi OS (32-bit),4.84
2023-12-11,os,OctoPi,2.79
2023-12-11,os,RetroPie,2.66
2023-12-11,os,Bootloader (Pi 4 family),2.43
2023-12-11,os,Recalbox,1.82
2023-12-11,os,Mainsail OS,1.42
2023-12-11,os,Kali Linux,1.16
2023-12-11,os,LibreELEC,0.91
2023-12-11,os,Homebridge,0.90
2023-12-11,os,OSMC,0.58
2023-12-11,os,PINN,0.55
2023-12-11,os,Android by emteria,0.51
2023-12-11,os,Volumio,0.50
2023-12-11,os,FullPageOS,0.48
2023-12-11,os,moOde audio player,0.38
2023-12-11,os,OctoKlipperPi,0.37
2023-12-11,os,DAKboard,0.31
2023-12-11,os,Bootloader (Pi 5 family),0.28
2023-12-11,os,Lakka,0.27
2023-12-11,os,RISC OS Pi,0.24
2023-12-11,os,openHAB,0.22
2023-12-11,os,Anthias,0.21
2023-12-11,os,Falcon Player (FPP),0.20
2023-12-11,os,RaspberryMatic,0.16
2023-12-11,os,Apertis,0.10
2023-12-11,os,"SimplyPrint - 3D print anywhere, smarter",0.08
2023-12-11,os,Gladys Assistant,0.04
2023-12-11,os,Yodeck Digital Signage,0.04
2023-12-11,os,MoodleBox,0.04
2023-12-11,os,nymea,0.03
2023-12-11,os,info-beamer digital signage,0.02
2023-12-11,os,Screenly Player,0.02
2023-12-11,os,PrintWatch,0.02
2023-12-11,os,TLXOS,0.01
2023-12-11,os,PC,0.01
2023-12-11,os,Bootloader,0.01
2023-12-11,os,Handheld devices,0.01
2023-12-11,os,XOGO Digital Signage,0.01
2023-12-11,os,Apertis (daily build),0.01
2023-12-11,os,RaspberryMatic Nightly Snapshots,0.01
2023-12-11,os,1Play Digital Signage,0.01
2023-12-11,os,Apertis (development release),0.01
2023-12-11,os,Misc utility images,0.00
2023-12-11,os,Lakka Nightly,0.00
2023-12-11,os,Lakka Development,0.00
2023-12-11,os,Other devices,0.00
2023-12-11,host_arch,x86_64,88.75
2023-12-11,host_arch,arm64,8.97
2023-12-11,host_arch,arm,1.98
2023-12-11,host_arch,i386,0.30
2023-12-11,locale,en_US,31.58
2023-12-11,locale,de_DE,13.60
2023-12-11,locale,en_GB,8.51
2023-12-11,locale,fr_FR,5.14
2023-12-11,locale,zh_CN,3.41
2023-12-11,locale,ja_JP,2.89
2023-12-11,locale,en_IN,2.46
2023-12-11,locale,es_ES,2.33
2023-12-11,locale,it_IT,2.25
2023-12-11,locale,ru_RU,1.91
2023-12-11,locale,en_CA,1.88
2023-12-11,locale,nl_NL,1.88
2023-12-11,locale,en_AU,1.82
2023-12-11,locale,pt_BR,1.70
2023-12-11,locale,pl_PL,1.64
2023-12-11,locale,ko_KR,1.46
2023-12-11,locale,en,1.32
2023-12-11,locale,de_AT,1.00
2023-12-11,locale,cs_CZ,0.86
2023-12-11,locale,sv_SE,0.83
2023-12-11,locale,de_CH,0.82
2023-12-11,locale,tr_TR,0.73
2023-12-11,locale,zh_TW,0.64
2023-12-11,locale,es_MX,0.64
2023-12-11,locale,en_NL,0.63
2023-12-11,locale,en_DE,0.62
2023-12-11,locale,hu_HU,0.54
2023-12-11,locale,da_DK,0.51
2023-12-11,locale,en_ZA,0.48
2023-12-11,locale,pt_PT,0.46
2023-12-11,locale,nl_BE,0.43
2023-12-11,locale,nb_NO,0.37
2023-12-11,locale,en_NZ,0.33
2023-12-11,locale,fr_BE,0.31
2023-12-11,locale,fr_CA,0.31
2023-12-11,locale,fi_FI,0.29
2023-12-11,locale,en_SE,0.29
2023-12-11,locale,en_MY,0.27
2023-12-11,locale,sk_SK,0.26
2023-12-11,locale,es_AR,0.25
2023-12-11,locale,el_GR,0.25
2023-12-11,locale,es_CL,0.24
2023-12-11,locale,en_IE,0.22
2023-12-11,locale,en_SG,0.22
2023-12-11,locale,es_CO,0.22
2023-12-11,locale,en_BE,0.21
2023-12-11,locale,th_TH,0.21
2023-12-11,locale,en_ID,0.20
2023-12-11,locale,en_PH,0.19
2023-12-11,locale,uk_UA,0.19
2023-12-11,locale,fr_CH,0.19
2024-01-16,os,Raspberry Pi OS (other),23.99
2024-01-16,os,Raspberry Pi OS (64-bit),23.27
2024-01-16,os,"Raspberry Pi OS (Legacy, 32-bit)",11.75
2024-01-16,os,Ubuntu,9.23
2024-01-16,os,Home Assistant,6.76
2024-01-16,os,Raspberry Pi OS (32-bit),3.31
2024-01-16,os,RetroPie,3.24
2024-01-16,os,OctoPi,2.98
2024-01-16,os,Bootloader (Pi 4 family),2.38
2024-01-16,os,Recalbox,1.97
2024-01-16,os,Mainsail OS,1.55
2024-01-16,os,Kali Linux,1.30
2024-01-16,os,LibreELEC,1.25
2024-01-16,os,Homebridge,0.98
2024-01-16,os,Android by emteria,0.72
2024-01-16,os,PINN,0.59
2024-01-16,os,Volumio,0.57
2024-01-16,os,Bootloader (Pi 5 family),0.56
2024-01-16,os,OSMC,0.51
2024-01-16,os,FullPageOS,0.46
2024-01-16,os,moOde audio player,0.44
2024-01-16,os,OctoKlipperPi,0.37
2024-01-16,os,DAKboard,0.30
2024-01-16,os,Lakka,0.27
2024-01-16,os,RISC OS Pi,0.24
2024-01-16,os,openHAB,0.16
2024-01-16,os,Anthias,0.15
2024-01-16,os,RaspberryMatic,0.13
2024-01-16,os,Apertis,0.10
2024-01-16,os,Falcon Player (FPP),0.08
2024-01-16,os,"SimplyPrint - 3D print anywhere, smarter",0.06
2024-01-16,os,MoodleBox,0.05
2024-01-16,os,Gladys Assistant,0.04
2024-01-16,os,Yodeck Digital Signage,0.03
2024-01-16,os,nymea,0.02
2024-01-16,os,info-beamer digital signage,0.02
2024-01-16,os,RaspberryMatic Nightly Snapshots,0.02
2024-01-16,os,PrintWatch,0.02
2024-01-16,os,PC,0.02
2024-01-16,os,TLXOS,0.01
2024-01-16,os,Screenly Player,0.01
2024-01-16,os,Handheld devices,0.01
2024-01-16,os,XOGO Digital Signage,0.01
2024-01-16,os,Lakka Nightly,0.01
2024-01-16,os,Apertis (daily build),0.01
2024-01-16,os,Apertis (development release),0.01
2024-01-16,os,1Play Digital Signage,0.01
2024-01-16,os,Lakka Development,0.00
2024-01-16,os,Misc utility images,0.00
2024-01-16,os,Other devices,0.00
2024-01-16,os,Amlogic,0.00
2024-01-16,host_arch,x86_64,86.28
2024-01-16,host_arch,arm64,11.54
2024-01-16,host_arch,arm,1.91
2024-01-16,host_arch,i386,0.27
2024-01-16,locale,en_US,32.63
2024-01-16,locale,de_DE,13.98
2024-01-16,locale,en_GB,9.09
2024-01-16,locale,fr_FR,5.15
2024-01-16,locale,zh_CN,3.40
2024-01-16,locale,ja_JP,2.64
2024-01-16,locale,es_ES,2.30
2024-01-16,locale,en_IN,2.23
2024-01-16,locale,it_IT,2.09
2024-01-16,locale,en_CA,1.94
2024-01-16,locale,nl_NL,1.90
2024-01-16,locale,en_AU,1.80
2024-01-16,locale,ru_RU,1.73
2024-01-16,locale,pl_PL,1.69
2024-01-16,locale,pt_BR,1.35
2024-01-16,locale,en,1.31
2024-01-16,locale,ko_KR,1.14
2024-01-16,locale,de_AT,0.97
2024-01-16,locale,cs_CZ,0.89
2024-01-16,locale,sv_SE,0.84
2024-01-16,locale,de_CH,0.83
2024-01-16,locale,tr_TR,0.72
2024-01-16,locale,en_NL,0.58
2024-01-16,locale,en_DE,0.58
2024-01-16,locale,zh_TW,0.57
2024-01-16,locale,hu_HU,0.53
2024-01-16,locale,es_MX,0.50
2024-01-16,locale,da_DK,0.50
2024-01-16,locale,en_ZA,0.49
2024-01-16,locale,pt_PT,0.45
2024-01-16,locale,nl_BE,0.41
2024-01-16,locale,nb_NO,0.37
2024-01-16,locale,fr_CA,0.34
2024-01-16,locale,fr_BE,0.30
2024-01-16,locale,en_NZ,0.30
2024-01-16,locale,en_SE,0.29
2024-01-16,locale,sk_SK,0.26
2024-01-16,locale,fi_FI,0.26
2024-01-16,locale,en_SG,0.24
2024-01-16,locale,es_AR,0.23
2024-01-16,locale,en_IE,0.23
2024-01-16,locale,fr_CH,0.22
2024-01-16,locale,el_GR,0.22
2024-01-16,locale,en_MY,0.21
2024-01-16,locale,en_BE,0.21
2024-01-16,locale,th_TH,0.20
2024-01-16,locale,uk_UA,0.20
2024-01-16,locale,es_CL,0.18
2024-01-16,locale,en_CH,0.18
2024-01-16,locale,de,0.15
2024-01-16,locale,en_IL,0.15
2024-01-19,os,Raspberry Pi OS (other),23.95
2024-01-19,os,Raspberry Pi OS (64-bit),23.30
2024-01-19,os,"Raspberry Pi OS (Legacy, 32-bit)",11.79
2024-01-19,os,Ubuntu,9.33
2024-01-19,os,Home Assistant,6.75
2024-01-19,os,Raspberry Pi OS (32-bit),3.31
2024-01-19,os,RetroPie,3.19
2024-01-19,os,OctoPi,2.94
2024-01-19,os,Bootloader (Pi 4 family),2.38
2024-01-19,os,Recalbox,1.94
2024-01-19,os,Mainsail OS,1.54
2024-01-19,os,Kali Linux,1.31
2024-01-19,os,LibreELEC,1.26
2024-01-19,os,Homebridge,0.95
2024-01-19,os,Android by emteria,0.73
2024-01-19,os,PINN,0.58
2024-01-19,os,Bootloader (Pi 5 family),0.58
2024-01-19,os,Volumio,0.57
2024-01-19,os,OSMC,0.50
2024-01-19,os,FullPageOS,0.48
2024-01-19,os,moOde audio player,0.44
2024-01-19,os,OctoKlipperPi,0.37
2024-01-19,os,DAKboard,0.30
2024-01-19,os,Lakka,0.27
2024-01-19,os,RISC OS Pi,0.25
2024-01-19,os,Anthias,0.15
2024-01-19,os,openHAB,0.15
2024-01-19,os,RaspberryMatic,0.13
2024-01-19,os,Apertis,0.10
2024-01-19,os,Falcon Player (FPP),0.07
2024-01-19,os,"SimplyPrint - 3D print anywhere, smarter",0.06
2024-01-19,os,MoodleBox,0.04
2024-01-19,os,Gladys Assistant,0.04
2024-01-19,os,Yodeck Digital Signage,0.03
2024-01-19,os,nymea,0.03
2024-01-19,os,info-beamer digital signage,0.02
2024-01-19,os,RaspberryMatic Nightly Snapshots,0.02
2024-01-19,os,PrintWatch,0.02
2024-01-19,os,TLXOS,0.02
2024-01-19,os,PC,0.02
2024-01-19,os,Screenly Player,0.01
2024-01-19,os,Handheld devices,0.01
2024-01-19,os,XOGO Digital Signage,0.01
2024-01-19,os,Apertis (daily build),0.01
2024-01-19,os,Apertis (development release),0.01
2024-01-19,os,1Play Digital Signage,0.01
2024-01-19,os,Lakka Nightly,0.01
2024-01-19,os,Lakka Development,0.01
2024-01-19,os,Misc utility images,0.00
2024-01-19,os,Other devices,0.00
2024-01-19,os,Amlogic,0.00
2024-01-19,host_arch,x86_64,86.31
2024-01-19,host_arch,arm64,11.68
2024-01-19,host_arch,arm,1.74
2024-01-19,host_arch,i386,0.27
2024-01-19,locale,en_US,32.60
2024-01-19,locale,de_DE,13.99
2024-01-19,locale,en_GB,9.14
2024-01-19,locale,fr_FR,5.17
2024-01-19,locale,zh_CN,3.35
2024-01-19,locale,ja_JP,2.60
2024-01-19,locale,es_ES,2.33
2024-01-19,locale,en_IN,2.23
2024-01-19,locale,it_IT,2.07
2024-01-19,locale,en_CA,1.94
2024-01-19,locale,nl_NL,1.90
2024-01-19,locale,en_AU,1.78
2024-01-19,locale,ru_RU,1.71
2024-01-19,locale,pl_PL,1.68
2024-01-19,locale,pt_BR,1.38
2024-01-19,locale,en,1.26
2024-01-19,locale,ko_KR,1.15
2024-01-19,locale,de_AT,0.98
2024-01-19,locale,cs_CZ,0.91
2024-01-19,locale,de_CH,0.84
2024-01-19,locale,sv_SE,0.83
2024-01-19,locale,tr_TR,0.71
2024-01-19,locale,en_NL,0.58
2024-01-19,locale,en_DE,0.58
2024-01-19,locale,zh_TW,0.57
2024-01-19,locale,es_MX,0.53
2024-01-19,locale,hu_HU,0.52
2024-01-19,locale,da_DK,0.50
2024-01-19,locale,en_ZA,0.49
2024-01-19,locale,pt_PT,0.45
2024-01-19,locale,nl_BE,0.41
2024-01-19,locale,nb_NO,0.37
2024-01-19,locale,fr_CA,0.34
2024-01-19,locale,fr_BE,0.31
2024-01-19,locale,en_NZ,0.30
2024-01-19,locale,en_SE,0.28
2024-01-19,locale,fi_FI,0.27
2024-01-19,locale,sk_SK,0.27
2024-01-19,locale,es_AR,0.24
2024-01-19,locale,en_IE,0.24
2024-01-19,locale,en_SG,0.24
2024-01-19,locale,fr_CH,0.23
2024-01-19,locale,el_GR,0.22
2024-01-19,locale,en_MY,0.22
2024-01-19,locale,en_BE,0.21
2024-01-19,locale,th_TH,0.20
2024-01-19,locale,uk_UA,0.20
2024-01-19,locale,es_CL,0.19
2024-01-19,locale,en_CH,0.18
2024-01-19,locale,en_IL,0.15
2024-01-19,locale,de,0.15
2024-01-21,os,Raspberry Pi OS (other),23.89
2024-01-21,os,Raspberry Pi OS (64-bit),23.23
2024-01-21,os,"Raspberry Pi OS (Legacy, 32-bit)",11.73
2024-01-21,os,Ubuntu,9.33
2024-01-21,os,Home Assistant,6.79
2024-01-21,os,Raspberry Pi OS (32-bit),3.29
2024-01-21,os,RetroPie,3.20
2024-01-21,os,OctoPi,2.96
2024-01-21,os,Bootloader (Pi 4 family),2.39
2024-01-21,os,Recalbox,1.94
2024-01-21,os,Mainsail OS,1.59
2024-01-21,os,Kali Linux,1.32
2024-01-21,os,LibreELEC,1.29
2024-01-21,os,Homebridge,0.96
2024-01-21,os,Android by emteria,0.75
2024-01-21,os,Bootloader (Pi 5 family),0.59
2024-01-21,os,PINN,0.58
2024-01-21,os,Volumio,0.57
2024-01-21,os,OSMC,0.50
2024-01-21,os,FullPageOS,0.48
2024-01-21,os,moOde audio player,0.44
2024-01-21,os,OctoKlipperPi,0.37
2024-01-21,os,DAKboard,0.30
2024-01-21,os,Lakka,0.28
2024-01-21,os,RISC OS Pi,0.25
2024-01-21,os,openHAB,0.16
2024-01-21,os,Anthias,0.15
2024-01-21,os,RaspberryMatic,0.13
2024-01-21,os,Apertis,0.10
2024-01-21,os,Falcon Player (FPP),0.07
2024-01-21,os,"SimplyPrint - 3D print anywhere, smarter",0.06
2024-01-21,os,MoodleBox,0.05
2024-01-21,os,Gladys Assistant,0.04
2024-01-21,os,Yodeck Digital Signage,0.03
2024-01-21,os,nymea,0.02
2024-01-21,os,RaspberryMatic Nightly Snapshots,0.02
2024-01-21,os,info-beamer digital signage,0.02
2024-01-21,os,PrintWatch,0.02
2024-01-21,os,PC,0.02
2024-01-21,os,TLXOS,0.02
2024-01-21,os,Screenly Player,0.01
2024-01-21,os,Handheld devices,0.01
2024-01-21,os,XOGO Digital Signage,0.01
2024-01-21,os,Apertis (daily build),0.01
2024-01-21,os,Apertis (development release),0.01
2024-01-21,os,1Play Digital Signage,0.01
2024-01-21,os,Lakka Nightly,0.01
2024-01-21,os,Lakka Development,0.01
2024-01-21,os,Misc utility images,0.00
2024-01-21,os,Other devices,0.00
2024-01-21,os,Amlogic,0.00
2024-01-21,host_arch,x86_64,86.28
2024-01-21,host_arch,arm64,11.78
2024-01-21,host_arch,arm,1.66
2024-01-21,host_arch,i386,0.27
2024-01-21,locale,en_US,32.74
2024-01-21,locale,de_DE,13.93
2024-01-21,locale,en_GB,9.13
2024-01-21,locale,fr_FR,5.18
2024-01-21,locale,zh_CN,3.39
2024-01-21,locale,ja_JP,2.61
2024-01-21,locale,es_ES,2.31
2024-01-21,locale,en_IN,2.19
2024-01-21,locale,it_IT,2.06
2024-01-21,locale,en_CA,1.95
2024-01-21,locale,nl_NL,1.89
2024-01-21,locale,en_AU,1.81
2024-01-21,locale,ru_RU,1.72
2024-01-21,locale,pl_PL,1.68
2024-01-21,locale,pt_BR,1.37
2024-01-21,locale,en,1.24
2024-01-21,locale,ko_KR,1.12
2024-01-21,locale,de_AT,0.98
2024-01-21,locale,cs_CZ,0.90
2024-01-21,locale,sv_SE,0.84
2024-01-21,locale,de_CH,0.83
2024-01-21,locale,tr_TR,0.70
2024-01-21,locale,en_NL,0.58
2024-01-21,locale,en_DE,0.57
2024-01-21,locale,zh_TW,0.55
2024-01-21,locale,es_MX,0.54
2024-01-21,locale,hu_HU,0.52
2024-01-21,locale,da_DK,0.49
2024-01-21,locale,en_ZA,0.48
2024-01-21,locale,pt_PT,0.45
2024-01-21,locale,nl_BE,0.41
2024-01-21,locale,nb_NO,0.37
2024-01-21,locale,fr_CA,0.34
2024-01-21,locale,en_NZ,0.31
2024-01-21,locale,fr_BE,0.31
2024-01-21,locale,en_SE,0.28
2024-01-21,locale,fi_FI,0.28
2024-01-21,locale,sk_SK,0.27
2024-01-21,locale,en_SG,0.24
2024-01-21,locale,es_AR,0.24
2024-01-21,locale,en_IE,0.24
2024-01-21,locale,fr_CH,0.23
2024-01-21,locale,el_GR,0.22
2024-01-21,locale,en_MY,0.22
2024-01-21,locale,uk_UA,0.20
2024-01-21,locale,en_BE,0.20
2024-01-21,locale,th_TH,0.20
2024-01-21,locale,es_CL,0.18
2024-01-21,locale,en_CH,0.18
2024-01-21,locale,en_IL,0.15
2024-01-21,locale,en_PH,0.15
2024-02-23,os,Raspberry Pi OS (other),23.98
2024-02-23,os,Raspberry Pi OS (64-bit),23.53
2024-02-23,os,"Raspberry Pi OS (Legacy, 32-bit)",12.22
2024-02-23,os,Ubuntu,10.22
2024-02-23,os,Home Assistant,6.38
2024-02-23,os,Raspberry Pi OS (32-bit),3.38
2024-02-23,os,OctoPi,2.62
2024-02-23,os,RetroPie,2.48
2024-02-23,os,Bootloader (Pi 4 family),2.21
2024-02-23,os,Recalbox,2.05
2024-02-23,os,Mainsail OS,1.62
2024-02-23,os,Kali Linux,1.35
2024-02-23,os,LibreELEC,1.25
2024-02-23,os,Android by emteria,0.73
2024-02-23,os,Bootloader (Pi 5 family),0.70
2024-02-23,os,Homebridge,0.69
2024-02-23,os,FullPageOS,0.66
2024-02-23,os,Volumio,0.61
2024-02-23,os,PINN,0.59
2024-02-23,os,OSMC,0.46
2024-02-23,os,moOde audio player,0.40
2024-02-23,os,OctoKlipperPi,0.35
2024-02-23,os,DAKboard,0.26
2024-02-23,os,RISC OS Pi,0.25
2024-02-23,os,openHAB,0.15
2024-02-23,os,RaspberryMatic,0.13
2024-02-23,os,Lakka,0.11
2024-02-23,os,Apertis,0.10
2024-02-23,os,Anthias,0.09
2024-02-23,os,"SimplyPrint - 3D print anywhere, smarter",0.07
2024-02-23,os,Yodeck Digital Signage,0.06
2024-02-23,os,MoodleBox,0.06
2024-02-23,os,Gladys Assistant,0.05
2024-02-23,os,Falcon Player (FPP),0.04
2024-02-23,os,info-beamer digital signage,0.03
2024-02-23,os,VEX Tournament Manager,0.02
2024-02-23,os,nymea,0.02
2024-02-23,os,TLXOS,0.02
2024-02-23,os,XOGO Digital Signage,0.02
2024-02-23,os,RaspberryMatic Nightly Snapshots,0.02
2024-02-23,os,PC,0.01
2024-02-23,os,PrintWatch,0.01
2024-02-23,os,Apertis (daily build),0.01
2024-02-23,os,1Play Digital Signage,0.01
2024-02-23,os,Screenly Player,0.01
2024-02-23,os,Handheld devices,0.01
2024-02-23,os,Apertis (development release),0.01
2024-02-23,os,Amlogic,0.00
2024-02-23,os,Misc utility images,0.00
2024-02-23,os,Other devices,0.00
2024-02-23,os,Lakka Nightly,0.00
2024-02-23,host_arch,x86_64,86.31
2024-02-23,host_arch,arm64,13.01
2024-02-23,host_arch,arm,0.36
2024-02-23,host_arch,i386,0.31
2024-02-23,locale,en_US,32.30
2024-02-23,locale,de_DE,13.00
2024-02-23,locale,en_GB,9.05
2024-02-23,locale,fr_FR,5.10
2024-02-23,locale,ja_JP,3.12
2024-02-23,locale,zh_CN,2.88
2024-02-23,locale,en_IN,2.72
2024-02-23,locale,es_ES,2.52
2024-02-23,locale,it_IT,2.17
2024-02-23,locale,en_CA,1.99
2024-02-23,locale,ru_RU,1.96
2024-02-23,locale,en_AU,1.79
2024-02-23,locale,nl_NL,1.79
2024-02-23,locale,pt_BR,1.68
2024-02-23,locale,pl_PL,1.63
2024-02-23,locale,ko_KR,1.17
2024-02-23,locale,de_AT,0.96
2024-02-23,locale,en,0.94
2024-02-23,locale,cs_CZ,0.88
2024-02-23,locale,sv_SE,0.86
2024-02-23,locale,tr_TR,0.82
2024-02-23,locale,de_CH,0.80
2024-02-23,locale,es_MX,0.64
2024-02-23,locale,zh_TW,0.64
2024-02-23,locale,en_DE,0.57
2024-02-23,locale,en_NL,0.57
2024-02-23,locale,da_DK,0.51
2024-02-23,locale,en_ZA,0.49
2024-02-23,locale,hu_HU,0.47
2024-02-23,locale,pt_PT,0.46
2024-02-23,locale,nl_BE,0.41
2024-02-23,locale,nb_NO,0.41
2024-02-23,locale,fr_CA,0.33
2024-02-23,locale,en_NZ,0.31
2024-02-23,locale,fi_FI,0.29
2024-02-23,locale,th_TH,0.29
2024-02-23,locale,sk_SK,0.27
2024-02-23,locale,fr_BE,0.26
2024-02-23,locale,es_AR,0.26
2024-02-23,locale,en_SE,0.26
2024-02-23,locale,en_IE,0.25
2024-02-23,locale,fr_CH,0.25
2024-02-23,locale,uk_UA,0.24
2024-02-23,locale,el_GR,0.24
2024-02-23,locale,en_PH,0.23
2024-02-23,locale,en_BE,0.22
2024-02-23,locale,en_MY,0.22
2024-02-23,locale,es_CO,0.21
2024-02-23,locale,es_CL,0.20
2024-02-23,locale,en_CH,0.18
2024-02-23,locale,en_SG,0.18
2024-03-20,os,Raspberry Pi OS (other),23.98
2024-03-20,os,Raspberry Pi OS (64-bit),23.53
2024-03-20,os,"Raspberry Pi OS (Legacy, 32-bit)",12.22
2024-03-20,os,Ubuntu,10.22
2024-03-20,os,Home Assistant,6.38
2024-03-20,os,Raspberry Pi OS (32-bit),3.38
2024-03-20,os,OctoPi,2.62
2024-03-20,os,RetroPie,2.48
2024-03-20,os,Bootloader (Pi 4 family),2.21
2024-03-20,os,Recalbox,2.05
2024-03-20,os,Mainsail OS,1.62
2024-03-20,os,Kali Linux,1.35
2024-03-20,os,LibreELEC,1.25
2024-03-20,os,Android by emteria,0.73
2024-03-20,os,Bootloader (Pi 5 family),0.70
2024-03-20,os,Homebridge,0.69
2024-03-20,os,FullPageOS,0.66
2024-03-20,os,Volumio,0.61
2024-03-20,os,PINN,0.59
2024-03-20,os,OSMC,0.46
2024-03-20,os,moOde audio player,0.40
2024-03-20,os,OctoKlipperPi,0.35
2024-03-20,os,DAKboard,0.26
2024-03-20,os,RISC OS Pi,0.25
2024-03-20,os,openHAB,0.15
2024-03-20,os,RaspberryMatic,0.13
2024-03-20,os,Lakka,0.11
2024-03-20,os,Apertis,0.10
2024-03-20,os,Anthias,0.09
2024-03-20,os,"SimplyPrint - 3D print anywhere, smarter",0.07
2024-03-20,os,Yodeck Digital Signage,0.06
2024-03-20,os,MoodleBox,0.06
2024-03-20,os,Gladys Assistant,0.05
2024-03-20,os,Falcon Player (FPP),0.04
2024-03-20,os,info-beamer digital signage,0.03
2024-03-20,os,VEX Tournament Manager,0.02
2024-03-20,os,nymea,0.02
2024-03-20,os,TLXOS,0.02
2024-03-20,os,XOGO Digital Signage,0.02
2024-03-20,os,RaspberryMatic Nightly Snapshots,0.02
2024-03-20,os,PC,0.01
2024-03-20,os,PrintWatch,0.01
2024-03-20,os,Apertis (daily build),0.01
2024-03-20,os,1Play Digital Signage,0.01
2024-03-20,os,Screenly Player,0.01
2024-03-20,os,Handheld devices,0.01
2024-03-20,os,Apertis (development release),0.01
2024-03-20,os,Amlogic,0.00
2024-03-20,os,Misc utility images,0.00
2024-03-20,os,Other devices,0.00
2024-03-20,os,Lakka Nightly,0.00
2024-03-20,host_arch,x86_64,86.31
2024-03-20,host_arch,arm64,13.01
2024-03-20,host_arch,arm,0.36
2024-03-20,host_arch,i386,0.31
2024-03-20,locale,en_US,32.30
2024-03-20,locale,de_DE,13.00
2024-03-20,locale,en_GB,9.05
2024-03-20,locale,fr_FR,5.10
2024-03-20,locale,ja_JP,3.12
2024-03-20,locale,zh_CN,2.88
2024-03-20,locale,en_IN,2.72
2024-03-20,locale,es_ES,2.52
2024-03-20,locale,it_IT,2.17
2024-03-20,locale,en_CA,1.99
2024-03-20,locale,ru_RU,1.96
2024-03-20,locale,en_AU,1.79
2024-03-20,locale,nl_NL,1.79
2024-03-20,locale,pt_BR,1.68
2024-03-20,locale,pl_PL,1.63
2024-03-20,locale,ko_KR,1.17
2024-03-20,locale,de_AT,0.96
2024-03-20,locale,en,0.94
2024-03-20,locale,cs_CZ,0.88
2024-03-20,locale,sv_SE,0.86
2024-03-20,locale,tr_TR,0.82
2024-03-20,locale,de_CH,0.80
2024-03-20,locale,es_MX,0.64
2024-03-20,locale,zh_TW,0.64
2024-03-20,locale,en_DE,0.57
2024-03-20,locale,en_NL,0.57
2024-03-20,locale,da_DK,0.51
2024-03-20,locale,en_ZA,0.49
2024-03-20,locale,hu_HU,0.47
2024-03-20,locale,pt_PT,0.46
2024-03-20,locale,nl_BE,0.41
2024-03-20,locale,nb_NO,0.41
2024-03-20,locale,fr_CA,0.33
2024-03-20,locale,en_NZ,0.31
2024-03-20,locale,fi_FI,0.29
2024-03-20,locale,th_TH,0.29
2024-03-20,locale,sk_SK,0.27
2024-03-20,locale,fr_BE,0.26
2024-03-20,locale,es_AR,0.26
2024-03-20,locale,en_SE,0.26
2024-03-20,locale,en_IE,0.25
2024-03-20,locale,fr_CH,0.25
2024-03-20,locale,uk_UA,0.24
2024-03-20,locale,el_GR,0.24
2024-03-20,locale,en_PH,0.23
2024-03-20,locale,en_BE,0.22
2024-03-20,locale,en_MY,0.22
2024-03-20,locale,es_CO,0.21
2024-03-20,locale,es_CL,0.20
2024-03-20,locale,en_CH,0.18
2024-03-20,locale,en_SG,0.18
2024-04-14,os,Raspberry Pi OS (64-bit),25.13
2024-04-14,os,Raspberry Pi OS (other),24.63
2024-04-14,os,"Raspberry Pi OS (Legacy, 32-bit)",12.42
2024-04-14,os,Ubuntu,10.13
2024-04-14,os,Home Assistant,6.15
2024-04-14,os,Raspberry Pi OS (32-bit),3.39
2024-04-14,os,RetroPie,2.19
2024-04-14,os,OctoPi,2.16
2024-04-14,os,Recalbox,2.01
2024-04-14,os,Bootloader (Pi 4 family),1.96
2024-04-14,os,Mainsail OS,1.35
2024-04-14,os,Kali Linux,1.30
2024-04-14,os,LibreELEC,1.18
2024-04-14,os,Bootloader (Pi 5 family),0.75
2024-04-14,os,Android by emteria,0.65
2024-04-14,os,Volumio,0.56
2024-04-14,os,PINN,0.54
2024-04-14,os,OSMC,0.42
2024-04-14,os,Homebridge,0.41
2024-04-14,os,FullPageOS,0.40
2024-04-14,os,moOde audio player,0.38
2024-04-14,os,OctoKlipperPi,0.30
2024-04-14,os,DAKboard,0.26
2024-04-14,os,RISC OS Pi,0.23
2024-04-14,os,openHAB,0.21
2024-04-14,os,Anthias,0.16
2024-04-14,os,RaspberryMatic,0.12
2024-04-14,os,Apertis,0.10
2024-04-14,os,FreedomBox,0.08
2024-04-14,os,Repetier-Server,0.07
2024-04-14,os,"SimplyPrint - 3D print anywhere, smarter",0.05
2024-04-14,os,MoodleBox,0.04
2024-04-14,os,Gladys Assistant,0.04
2024-04-14,os,Yodeck Digital Signage,0.04
2024-04-14,os,info-beamer digital signage,0.03
2024-04-14,os,Falcon Player (FPP),0.02
2024-04-14,os,TLXOS,0.02
2024-04-14,os,nymea,0.02
2024-04-14,os,3DPrinterOS,0.02
2024-04-14,os,Screenly Digital Signage,0.01
2024-04-14,os,XOGO Digital Signage,0.01
2024-04-14,os,PrintWatch OS,0.01
2024-04-14,os,Apertis (development release),0.01
2024-04-14,os,VEX Tournament Manager,0.01
2024-04-14,os,1Play Digital Signage,0.01
2024-04-14,os,Apertis (daily build),0.01
2024-04-14,os,RaspberryMatic Nightly Snapshots,0.01
2024-04-14,os,Misc utility images,0.01
2024-04-14,os,ALT,0.00
2024-04-14,host_arch,x86_64,86.09
2024-04-14,host_arch,arm64,13.29
2024-04-14,host_arch,arm,0.34
2024-04-14,host_arch,i386,0.28
2024-04-14,locale,en_US,31.41
2024-04-14,locale,de_DE,12.38
2024-04-14,locale,en_GB,8.51
2024-04-14,locale,fr_FR,4.93
2024-04-14,locale,zh_CN,4.52
2024-04-14,locale,ja_JP,3.36
2024-04-14,locale,en_IN,3.34
2024-04-14,locale,es_ES,2.59
2024-04-14,locale,it_IT,2.02
2024-04-14,locale,ru_RU,1.93
2024-04-14,locale,en_AU,1.87
2024-04-14,locale,en_CA,1.82
2024-04-14,locale,pt_BR,1.79
2024-04-14,locale,ko_KR,1.70
2024-04-14,locale,nl_NL,1.65
2024-04-14,locale,pl_PL,1.46
2024-04-14,locale,en,0.94
2024-04-14,locale,sv_SE,0.85
2024-04-14,locale,de_AT,0.84
2024-04-14,locale,cs_CZ,0.83
2024-04-14,locale,zh_TW,0.79
2024-04-14,locale,de_CH,0.74
2024-04-14,locale,tr_TR,0.74
2024-04-14,locale,es_MX,0.65
2024-04-14,locale,en_ZA,0.55
2024-04-14,locale,en_NL,0.53
2024-04-14,locale,en_DE,0.52
2024-04-14,locale,pt_PT,0.49
2024-04-14,locale,da_DK,0.45
2024-04-14,locale,hu_HU,0.41
2024-04-14,locale,nl_BE,0.39
2024-04-14,locale,nb_NO,0.37
2024-04-14,locale,es_AR,0.34
2024-04-14,locale,en_NZ,0.31
2024-04-14,locale,fr_CA,0.30
2024-04-14,locale,fr_BE,0.28
2024-04-14,locale,en_SG,0.27
2024-04-14,locale,en_SE,0.27
2024-04-14,locale,es_CO,0.26
2024-04-14,locale,fi_FI,0.25
2024-04-14,locale,uk_UA,0.24
2024-04-14,locale,en_IE,0.23
2024-04-14,locale,en_MY,0.23
2024-04-14,locale,es_CL,0.23
2024-04-14,locale,en_PH,0.22
2024-04-14,locale,th_TH,0.21
2024-04-14,locale,fr_CH,0.21
2024-04-14,locale,en_BE,0.20
2024-04-14,locale,sk_SK,0.20
2024-04-14,locale,el_GR,0.19
2024-04-14,locale,en_ID,0.19
2024-05-30,os,Raspberry Pi OS (64-bit),31.29
2024-05-30,os,Raspberry Pi OS (other),22.13
2024-05-30,os,Ubuntu,11.56
2024-05-30,os,Raspberry Pi OS (32-bit),8.42
2024-05-30,os,Home Assistant,6.24
2024-05-30,os,"Raspberry Pi OS (Legacy, 32-bit)",2.69
2024-05-30,os,OctoPi,2.23
2024-05-30,os,RetroPie,1.99
2024-05-30,os,Bootloader (Pi 4 family),1.86
2024-05-30,os,Recalbox,1.60
2024-05-30,os,Kali Linux,1.26
2024-05-30,os,Mainsail OS,1.20
2024-05-30,os,LibreELEC,1.16
2024-05-30,os,Bootloader (Pi 5 family),0.86
2024-05-30,os,PINN,0.69
2024-05-30,os,Android by emteria,0.59
2024-05-30,os,Volumio,0.51
2024-05-30,os,Homebridge,0.49
2024-05-30,os,FullPageOS,0.44
2024-05-30,os,moOde audio player,0.41
2024-05-30,os,OSMC,0.39
2024-05-30,os,RISC OS Pi,0.27
2024-05-30,os,DAKboard,0.25
2024-05-30,os,OctoKlipperPi,0.24
2024-05-30,os,Anthias,0.24
2024-05-30,os,openHAB,0.19
2024-05-30,os,FreedomBox,0.11
2024-05-30,os,RaspberryMatic,0.10
2024-05-30,os,Apertis,0.09
2024-05-30,os,Repetier-Server,0.09
2024-05-30,os,"SimplyPrint - 3D print anywhere, smarter",0.05
2024-05-30,os,Gladys Assistant,0.05
2024-05-30,os,MoodleBox,0.04
2024-05-30,os,Yodeck Digital Signage,0.04
2024-05-30,os,info-beamer digital signage,0.03
2024-05-30,os,Falcon Player (FPP),0.03
2024-05-30,os,TLXOS,0.02
2024-05-30,os,nymea,0.02
2024-05-30,os,3DPrinterOS,0.02
2024-05-30,os,PrintWatch OS,0.02
2024-05-30,os,Screenly Digital Signage,0.01
2024-05-30,os,XOGO Digital Signage,0.01
2024-05-30,os,1Play Digital Signage,0.01
2024-05-30,os,VEX Tournament Manager,0.01
2024-05-30,os,Apertis (daily build),0.01
2024-05-30,os,RaspberryMatic Nightly Snapshots,0.01
2024-05-30,os,Misc utility images,0.00
2024-05-30,os,Apertis (development release),0.00
2024-05-30,os,DuetPi,0.00
2024-05-30,os,ALT,0.00
2024-05-30,host_arch,x86_64,85.43
2024-05-30,host_arch,arm64,14.01
2024-05-30,host_arch,arm,0.28
2024-05-30,host_arch,i386,0.27
2024-05-30,locale,en_US,31.84
2024-05-30,locale,de_DE,11.10
2024-05-30,locale,en_GB,8.62
2024-05-30,locale,fr_FR,5.21
2024-05-30,locale,zh_CN,4.17
2024-05-30,locale,ja_JP,3.46
2024-05-30,locale,en_IN,3.08
2024-05-30,locale,es_ES,2.68
2024-05-30,locale,en_AU,2.12
2024-05-30,locale,it_IT,2.10
2024-05-30,locale,pt_BR,1.98
2024-05-30,locale,ko_KR,1.90
2024-05-30,locale,ru_RU,1.88
2024-05-30,locale,en_CA,1.71
2024-05-30,locale,nl_NL,1.55
2024-05-30,locale,pl_PL,1.33
2024-05-30,locale,en,1.17
2024-05-30,locale,tr_TR,0.99
2024-05-30,locale,zh_TW,0.87
2024-05-30,locale,de_AT,0.86
2024-05-30,locale,cs_CZ,0.79
2024-05-30,locale,es_MX,0.71
2024-05-30,locale,de_CH,0.70
2024-05-30,locale,sv_SE,0.67
2024-05-30,locale,en_ZA,0.61
2024-05-30,locale,en_NL,0.53
2024-05-30,locale,en_DE,0.51
2024-05-30,locale,pt_PT,0.50
2024-05-30,locale,es_AR,0.42
2024-05-30,locale,da_DK,0.41
2024-05-30,locale,hu_HU,0.39
2024-05-30,locale,en_NZ,0.37
2024-05-30,locale,nl_BE,0.36
2024-05-30,locale,en_ID,0.33
2024-05-30,locale,en_MY,0.33
2024-05-30,locale,en_SG,0.30
2024-05-30,locale,nb_NO,0.29
2024-05-30,locale,es_CO,0.29
2024-05-30,locale,es_CL,0.26
2024-05-30,locale,th_TH,0.26
2024-05-30,locale,uk_UA,0.26
2024-05-30,locale,fr_CA,0.26
2024-05-30,locale,sk_SK,0.23
2024-05-30,locale,fr_BE,0.23
2024-05-30,locale,en_PH,0.23
2024-05-30,locale,en_SE,0.21
2024-05-30,locale,fr_CH,0.21
2024-05-30,locale,en_BE,0.20
2024-05-30,locale,fi_FI,0.20
2024-05-30,locale,en_IE,0.19
2024-05-30,locale,el_GR,0.17
2024-06-24,os,Raspberry Pi OS (64-bit),30.95
2024-06-24,os,Raspberry Pi OS (other),21.44
2024-06-24,os,Ubuntu,11.17
2024-06-24,os,Raspberry Pi OS (32-bit),8.18
2024-06-24,os,Home Assistant,6.40
2024-06-24,os,"Raspberry Pi OS (Legacy, 32-bit)",2.52
2024-06-24,os,RetroPie,2.23
2024-06-24,os,OctoPi,2.22
2024-06-24,os,Kali Linux,2.00
2024-06-24,os,Recalbox,1.92
2024-06-24,os,Bootloader (Pi 4 family),1.81
2024-06-24,os,LibreELEC,1.29
2024-06-24,os,Mainsail OS,1.25
2024-06-24,os,Bootloader (Pi 5 family),0.91
2024-06-24,os,PINN,0.78
2024-06-24,os,Android by emteria,0.62
2024-06-24,os,Volumio,0.56
2024-06-24,os,moOde audio player,0.54
2024-06-24,os,Homebridge,0.50
2024-06-24,os,FullPageOS,0.44
2024-06-24,os,OSMC,0.26
2024-06-24,os,DAKboard,0.24
2024-06-24,os,OctoKlipperPi,0.24
2024-06-24,os,RISC OS Pi,0.23
2024-06-24,os,Anthias,0.23
2024-06-24,os,openHAB,0.19
2024-06-24,os,Ultramarine Linux,0.14
2024-06-24,os,RaspberryMatic,0.10
2024-06-24,os,FreedomBox,0.10
2024-06-24,os,Apertis,0.08
2024-06-24,os,Repetier-Server,0.07
2024-06-24,os,Gladys Assistant,0.05
2024-06-24,os,"SimplyPrint - 3D print anywhere, smarter",0.04
2024-06-24,os,Yodeck Digital Signage,0.04
2024-06-24,os,MoodleBox,0.04
2024-06-24,os,Falcon Player (FPP),0.03
2024-06-24,os,info-beamer digital signage,0.03
2024-06-24,os,nymea,0.02
2024-06-24,os,TLXOS,0.02
2024-06-24,os,Screenly Digital Signage,0.02
2024-06-24,os,3DPrinterOS,0.02
2024-06-24,os,PrintWatch OS,0.01
2024-06-24,os,RaspberryMatic Nightly Snapshots,0.01
2024-06-24,os,XOGO Digital Signage,0.01
2024-06-24,os,VEX Tournament Manager,0.01
2024-06-24,os,1Play Digital Signage,0.01
2024-06-24,os,DuetPi,0.01
2024-06-24,os,Apertis (development release),0.01
2024-06-24,os,Apertis (daily build),0.01
2024-06-24,os,Misc utility images,0.00
2024-06-24,os,ALT,0.00
2024-06-24,host_arch,x86_64,84.95
2024-06-24,host_arch,arm64,14.49
2024-06-24,host_arch,arm,0.29
2024-06-24,host_arch,i386,0.27
2024-06-24,locale,en_US,32.06
2024-06-24,locale,de_DE,11.37
2024-06-24,locale,en_GB,8.75
2024-06-24,locale,fr_FR,4.87
2024-06-24,locale,zh_CN,4.43
2024-06-24,locale,ja_JP,3.60
2024-06-24,locale,en_IN,2.86
2024-06-24,locale,es_ES,2.47
2024-06-24,locale,en_AU,2.27
2024-06-24,locale,pt_BR,2.20
2024-06-24,locale,it_IT,1.91
2024-06-24,locale,ru_RU,1.90
2024-06-24,locale,en_CA,1.69
2024-06-24,locale,nl_NL,1.60
2024-06-24,locale,ko_KR,1.54
2024-06-24,locale,pl_PL,1.36
2024-06-24,locale,en,1.36
2024-06-24,locale,de_AT,0.89
2024-06-24,locale,tr_TR,0.80
2024-06-24,locale,cs_CZ,0.74
2024-06-24,locale,de_CH,0.72
2024-06-24,locale,es_MX,0.71
2024-06-24,locale,zh_TW,0.71
2024-06-24,locale,sv_SE,0.62
2024-06-24,locale,en_ZA,0.60
2024-06-24,locale,en_NL,0.53
2024-06-24,locale,en_DE,0.53
2024-06-24,locale,pt_PT,0.44
2024-06-24,locale,en_NZ,0.42
2024-06-24,locale,es_AR,0.42
2024-06-24,locale,da_DK,0.41
2024-06-24,locale,hu_HU,0.39
2024-06-24,locale,nl_BE,0.35
2024-06-24,locale,en_ID,0.34
2024-06-24,locale,nb_NO,0.31
2024-06-24,locale,es_CL,0.31
2024-06-24,locale,en_MY,0.30
2024-06-24,locale,th_TH,0.28
2024-06-24,locale,es_CO,0.27
2024-06-24,locale,en_SG,0.26
2024-06-24,locale,uk_UA,0.24
2024-06-24,locale,fr_CA,0.24
2024-06-24,locale,fr_BE,0.24
2024-06-24,locale,en_PH,0.24
2024-06-24,locale,en_IE,0.23
2024-06-24,locale,en_SE,0.22
2024-06-24,locale,sk_SK,0.22
2024-06-24,locale,fr_CH,0.20
2024-06-24,locale,en_BE,0.19
2024-06-24,locale,el_GR,0.19
2024-06-24,locale,en_IL,0.19
2024-07-01,os,Raspberry Pi OS (64-bit),31.00
2024-07-01,os,Raspberry Pi OS (other),21.26
2024-07-01,os,Ubuntu,11.08
2024-07-01,os,Raspberry Pi OS (32-bit),8.03
2024-07-01,os,Home Assistant,6.44
2024-07-01,os,"Raspberry Pi OS (Legacy, 32-bit)",2.47
2024-07-01,os,RetroPie,2.33
2024-07-01,os,OctoPi,2.21
2024-07-01,os,Recalbox,2.13
2024-07-01,os,Kali Linux,2.04
2024-07-01,os,Bootloader (Pi 4 family),1.80
2024-07-01,os,LibreELEC,1.28
2024-07-01,os,Mainsail OS,1.23
2024-07-01,os,Bootloader (Pi 5 family),0.96
2024-07-01,os,PINN,0.76
2024-07-01,os,Android by emteria,0.63
2024-07-01,os,Volumio,0.54
2024-07-01,os,moOde audio player,0.52
2024-07-01,os,Homebridge,0.52
2024-07-01,os,FullPageOS,0.44
2024-07-01,os,OSMC,0.29
2024-07-01,os,OctoKlipperPi,0.24
2024-07-01,os,DAKboard,0.24
2024-07-01,os,Anthias,0.22
2024-07-01,os,RISC OS Pi,0.22
2024-07-01,os,Ultramarine Linux,0.21
2024-07-01,os,openHAB,0.18
2024-07-01,os,FreedomBox,0.10
2024-07-01,os,RaspberryMatic,0.09
2024-07-01,os,Apertis,0.08
2024-07-01,os,Repetier-Server,0.07
2024-07-01,os,Gladys Assistant,0.05
2024-07-01,os,"SimplyPrint - 3D print anywhere, smarter",0.04
2024-07-01,os,Yodeck Digital Signage,0.04
2024-07-01,os,Falcon Player (FPP),0.04
2024-07-01,os,MoodleBox,0.04
2024-07-01,os,info-beamer digital signage,0.03
2024-07-01,os,nymea,0.02
2024-07-01,os,TLXOS,0.02
2024-07-01,os,Screenly Digital Signage,0.02
2024-07-01,os,3DPrinterOS,0.02
2024-07-01,os,PrintWatch OS,0.02
2024-07-01,os,XOGO Digital Signage,0.01
2024-07-01,os,VEX Tournament Manager,0.01
2024-07-01,os,RaspberryMatic Nightly Snapshots,0.01
2024-07-01,os,Apertis (development release),0.01
2024-07-01,os,1Play Digital Signage,0.01
2024-07-01,os,DuetPi,0.01
2024-07-01,os,Apertis (daily build),0.01
2024-07-01,os,Misc utility images,0.00
2024-07-01,os,ALT,0.00
2024-07-01,host_arch,x86_64,84.78
2024-07-01,host_arch,arm64,14.67
2024-07-01,host_arch,arm,0.29
2024-07-01,host_arch,i386,0.25
2024-07-01,locale,en_US,32.56
2024-07-01,locale,de_DE,11.10
2024-07-01,locale,en_GB,8.73
2024-07-01,locale,fr_FR,4.79
2024-07-01,locale,zh_CN,4.47
2024-07-01,locale,ja_JP,3.56
2024-07-01,locale,en_IN,2.91
2024-07-01,locale,es_ES,2.46
2024-07-01,locale,en_AU,2.25
2024-07-01,locale,pt_BR,2.23
2024-07-01,locale,ru_RU,1.89
2024-07-01,locale,it_IT,1.88
2024-07-01,locale,en_CA,1.72
2024-07-01,locale,nl_NL,1.56
2024-07-01,locale,ko_KR,1.44
2024-07-01,locale,en,1.44
2024-07-01,locale,pl_PL,1.38
2024-07-01,locale,de_AT,0.85
2024-07-01,locale,tr_TR,0.78
2024-07-01,locale,es_MX,0.75
2024-07-01,locale,de_CH,0.72
2024-07-01,locale,cs_CZ,0.72
2024-07-01,locale,zh_TW,0.69
2024-07-01,locale,sv_SE,0.67
2024-07-01,locale,en_ZA,0.59
2024-07-01,locale,en_DE,0.51
2024-07-01,locale,en_NL,0.50
2024-07-01,locale,es_AR,0.44
2024-07-01,locale,pt_PT,0.44
2024-07-01,locale,en_NZ,0.43
2024-07-01,locale,hu_HU,0.41
2024-07-01,locale,da_DK,0.40
2024-07-01,locale,en_ID,0.32
2024-07-01,locale,nl_BE,0.32
2024-07-01,locale,es_CL,0.32
2024-07-01,locale,nb_NO,0.31
2024-07-01,locale,th_TH,0.29
2024-07-01,locale,en_MY,0.28
2024-07-01,locale,es_CO,0.26
2024-07-01,locale,en_SG,0.26
2024-07-01,locale,fr_CA,0.25
2024-07-01,locale,uk_UA,0.25
2024-07-01,locale,en_PH,0.24
2024-07-01,locale,en_IE,0.23
2024-07-01,locale,fr_BE,0.23
2024-07-01,locale,en_SE,0.22
2024-07-01,locale,sk_SK,0.21
2024-07-01,locale,fr_CH,0.20
2024-07-01,locale,en_IL,0.19
2024-07-01,locale,el_GR,0.19
2024-07-01,locale,fi_FI,0.18
2024-07-15,os,Raspberry Pi OS (64-bit),31.97
2024-07-15,os,Raspberry Pi OS (other),21.18
2024-07-15,os,Ubuntu,10.44
2024-07-15,os,Raspberry Pi OS (32-bit),7.80
2024-07-15,os,Home Assistant,6.39
2024-07-15,os,"Raspberry Pi OS (Legacy, 32-bit)",2.44
2024-07-15,os,RetroPie,2.39
2024-07-15,os,Recalbox,2.39
2024-07-15,os,OctoPi,2.17
2024-07-15,os,Kali Linux,2.01
2024-07-15,os,Bootloader (Pi 4 family),1.76
2024-07-15,os,Mainsail OS,1.20
2024-07-15,os,LibreELEC,1.20
2024-07-15,os,Bootloader (Pi 5 family),0.96
2024-07-15,os,PINN,0.73
2024-07-15,os,Android by emteria,0.57
2024-07-15,os,Homebridge,0.52
2024-07-15,os,Volumio,0.48
2024-07-15,os,moOde audio player,0.48
2024-07-15,os,FullPageOS,0.42
2024-07-15,os,OSMC,0.39
2024-07-15,os,Ultramarine Linux,0.29
2024-07-15,os,OctoKlipperPi,0.24
2024-07-15,os,DAKboard,0.23
2024-07-15,os,RISC OS Pi,0.21
2024-07-15,os,Anthias,0.20
2024-07-15,os,openHAB,0.18
2024-07-15,os,FreedomBox,0.10
2024-07-15,os,RaspberryMatic,0.09
2024-07-15,os,Apertis,0.08
2024-07-15,os,Repetier-Server,0.06
2024-07-15,os,Gladys Assistant,0.05
2024-07-15,os,piCorePlayer,0.05
2024-07-15,os,Yodeck Digital Signage,0.04
2024-07-15,os,"SimplyPrint - 3D print anywhere, smarter",0.04
2024-07-15,os,Falcon Player (FPP),0.04
2024-07-15,os,MoodleBox,0.03
2024-07-15,os,info-beamer digital signage,0.03
2024-07-15,os,nymea,0.02
2024-07-15,os,3DPrinterOS,0.02
2024-07-15,os,PrintWatch OS,0.02
2024-07-15,os,TLXOS,0.01
2024-07-15,os,Screenly Digital Signage,0.01
2024-07-15,os,XOGO Digital Signage,0.01
2024-07-15,os,VEX Tournament Manager,0.01
2024-07-15,os,1Play Digital Signage,0.01
2024-07-15,os,Apertis (development release),0.01
2024-07-15,os,DuetPi,0.01
2024-07-15,os,Misc utility images,0.01
2024-07-15,os,Apertis (daily build),0.01
2024-07-15,os,RaspberryMatic Nightly Snapshots,0.00
2024-07-15,host_arch,x86_64,84.64
2024-07-15,host_arch,arm64,14.83
2024-07-15,host_arch,arm,0.29
2024-07-15,host_arch,i386,0.24
2024-07-15,locale,en_US,32.90
2024-07-15,locale,de_DE,10.93
2024-07-15,locale,en_GB,8.74
2024-07-15,locale,zh_CN,4.68
2024-07-15,locale,fr_FR,4.65
2024-07-15,locale,ja_JP,3.48
2024-07-15,locale,en_IN,3.15
2024-07-15,locale,es_ES,2.35
2024-07-15,locale,pt_BR,2.28
2024-07-15,locale,en_AU,2.20
2024-07-15,locale,it_IT,1.81
2024-07-15,locale,ru_RU,1.80
2024-07-15,locale,en_CA,1.69
2024-07-15,locale,nl_NL,1.54
2024-07-15,locale,en,1.54
2024-07-15,locale,ko_KR,1.49
2024-07-15,locale,pl_PL,1.38
2024-07-15,locale,tr_TR,0.82
2024-07-15,locale,de_AT,0.80
2024-07-15,locale,es_MX,0.76
2024-07-15,locale,zh_TW,0.74
2024-07-15,locale,sv_SE,0.70
2024-07-15,locale,cs_CZ,0.68
2024-07-15,locale,de_CH,0.67
2024-07-15,locale,en_ZA,0.58
2024-07-15,locale,en_DE,0.51
2024-07-15,locale,en_NL,0.48
2024-07-15,locale,es_AR,0.45
2024-07-15,locale,pt_PT,0.43
2024-07-15,locale,en_NZ,0.43
2024-07-15,locale,hu_HU,0.41
2024-07-15,locale,da_DK,0.38
2024-07-15,locale,es_CL,0.33
2024-07-15,locale,nl_BE,0.31
2024-07-15,locale,nb_NO,0.30
2024-07-15,locale,en_ID,0.29
2024-07-15,locale,th_TH,0.28
2024-07-15,locale,en_SG,0.27
2024-07-15,locale,en_MY,0.25
2024-07-15,locale,fr_CA,0.25
2024-07-15,locale,en_PH,0.24
2024-07-15,locale,en_IE,0.24
2024-07-15,locale,es_CO,0.23
2024-07-15,locale,fr_BE,0.23
2024-07-15,locale,uk_UA,0.23
2024-07-15,locale,en_SE,0.22
2024-07-15,locale,el_GR,0.19
2024-07-15,locale,en_IL,0.19
2024-07-15,locale,sk_SK,0.18
2024-07-15,locale,en_BE,0.18
2024-07-15,locale,fi_FI,0.17
2024-07-16,os,Raspberry Pi OS (64-bit),32.17
2024-07-16,os,Raspberry Pi OS (other),21.10
2024-07-16,os,Ubuntu,10.56
2024-07-16,os,Raspberry Pi OS (32-bit),7.79
2024-07-16,os,Home Assistant,6.35
2024-07-16,os,"Raspberry Pi OS (Legacy, 32-bit)",2.42
2024-07-16,os,RetroPie,2.35
2024-07-16,os,Recalbox,2.34
2024-07-16,os,OctoPi,2.14
2024-07-16,os,Kali Linux,2.01
2024-07-16,os,Bootloader (Pi 4 family),1.75
2024-07-16,os,Mainsail OS,1.19
2024-07-16,os,LibreELEC,1.18
2024-07-16,os,Bootloader (Pi 5 family),0.97
2024-07-16,os,PINN,0.71
2024-07-16,os,Android by emteria,0.57
2024-07-16,os,Homebridge,0.52
2024-07-16,os,Volumio,0.48
2024-07-16,os,moOde audio player,0.47
2024-07-16,os,FullPageOS,0.43
2024-07-16,os,OSMC,0.38
2024-07-16,os,Ultramarine Linux,0.28
2024-07-16,os,OctoKlipperPi,0.24
2024-07-16,os,DAKboard,0.23
2024-07-16,os,RISC OS Pi,0.21
2024-07-16,os,Anthias,0.20
2024-07-16,os,openHAB,0.18
2024-07-16,os,FreedomBox,0.10
2024-07-16,os,RaspberryMatic,0.09
2024-07-16,os,Apertis,0.08
2024-07-16,os,Repetier-Server,0.06
2024-07-16,os,piCorePlayer,0.06
2024-07-16,os,Gladys Assistant,0.05
2024-07-16,os,Yodeck Digital Signage,0.05
2024-07-16,os,"SimplyPrint - 3D print anywhere, smarter",0.04
2024-07-16,os,Falcon Player (FPP),0.04
2024-07-16,os,MoodleBox,0.03
2024-07-16,os,info-beamer digital signage,0.03
2024-07-16,os,nymea,0.02
2024-07-16,os,3DPrinterOS,0.02
2024-07-16,os,PrintWatch OS,0.02
2024-07-16,os,TLXOS,0.01
2024-07-16,os,Screenly Digital Signage,0.01
2024-07-16,os,XOGO Digital Signage,0.01
2024-07-16,os,VEX Tournament Manager,0.01
2024-07-16,os,1Play Digital Signage,0.01
2024-07-16,os,Apertis (development release),0.01
2024-07-16,os,DuetPi,0.01
2024-07-16,os,Apertis (daily build),0.01
2024-07-16,os,Misc utility images,0.01
2024-07-16,os,RaspberryMatic Nightly Snapshots,0.00
2024-07-16,host_arch,x86_64,84.64
2024-07-16,host_arch,arm64,14.83
2024-07-16,host_arch,arm,0.29
2024-07-16,host_arch,i386,0.24
2024-07-16,locale,en_US,32.81
2024-07-16,locale,de_DE,10.84
2024-07-16,locale,en_GB,8.77
2024-07-16,locale,zh_CN,4.75
2024-07-16,locale,fr_FR,4.61
2024-07-16,locale,ja_JP,3.49
2024-07-16,locale,en_IN,3.17
2024-07-16,locale,es_ES,2.36
2024-07-16,locale,pt_BR,2.27
2024-07-16,locale,en_AU,2.19
2024-07-16,locale,ru_RU,1.81
2024-07-16,locale,it_IT,1.80
2024-07-16,locale,en_CA,1.68
2024-07-16,locale,en,1.56
2024-07-16,locale,nl_NL,1.54
2024-07-16,locale,ko_KR,1.53
2024-07-16,locale,pl_PL,1.37
2024-07-16,locale,tr_TR,0.82
2024-07-16,locale,de_AT,0.80
2024-07-16,locale,es_MX,0.76
2024-07-16,locale,zh_TW,0.76
2024-07-16,locale,sv_SE,0.71
2024-07-16,locale,cs_CZ,0.68
2024-07-16,locale,de_CH,0.67
2024-07-16,locale,en_ZA,0.58
2024-07-16,locale,en_DE,0.51
2024-07-16,locale,en_NL,0.48
2024-07-16,locale,es_AR,0.45
2024-07-16,locale,pt_PT,0.43
2024-07-16,locale,en_NZ,0.42
2024-07-16,locale,hu_HU,0.41
2024-07-16,locale,da_DK,0.39
2024-07-16,locale,es_CL,0.32
2024-07-16,locale,nl_BE,0.31
2024-07-16,locale,en_ID,0.30
2024-07-16,locale,nb_NO,0.30
2024-07-16,locale,th_TH,0.29
2024-07-16,locale,en_SG,0.27
2024-07-16,locale,en_MY,0.26
2024-07-16,locale,fr_CA,0.25
2024-07-16,locale,en_PH,0.24
2024-07-16,locale,en_IE,0.24
2024-07-16,locale,uk_UA,0.23
2024-07-16,locale,es_CO,0.23
2024-07-16,locale,fr_BE,0.23
2024-07-16,locale,en_SE,0.22
2024-07-16,locale,en_IL,0.19
2024-07-16,locale,el_GR,0.18
2024-07-16,locale,sk_SK,0.18
2024-07-16,locale,fi_FI,0.18
2024-07-16,locale,en_BE,0.18
2024-08-15,os,Raspberry Pi OS (64-bit),31.81
2024-08-15,os,Raspberry Pi OS (other),20.55
2024-08-15,os,Ubuntu,12.18
2024-08-15,os,Raspberry Pi OS (32-bit),7.49
2024-08-15,os,Home Assistant,6.55
2024-08-15,os,"Raspberry Pi OS (Legacy, 32-bit)",2.35
2024-08-15,os,Recalbox,2.25
2024-08-15,os,RetroPie,2.17
2024-08-15,os,OctoPi,1.89
2024-08-15,os,Bootloader (Pi 4 family),1.81
2024-08-15,os,Kali Linux,1.55
2024-08-15,os,Mainsail OS,1.14
2024-08-15,os,LibreELEC,1.12
2024-08-15,os,Bootloader (Pi 5 family),1.02
2024-08-15,os,PINN,0.72
2024-08-15,os,Homebridge,0.58
2024-08-15,os,Android by emteria,0.57
2024-08-15,os,Volumio,0.46
2024-08-15,os,FullPageOS,0.44
2024-08-15,os,DAKboard,0.43
2024-08-15,os,moOde audio player,0.43
2024-08-15,os,OSMC,0.34
2024-08-15,os,piCorePlayer,0.29
2024-08-15,os,OctoKlipperPi,0.23
2024-08-15,os,Ultramarine Linux,0.23
2024-08-15,os,Anthias,0.22
2024-08-15,os,openHAB,0.22
2024-08-15,os,RISC OS Pi,0.20
2024-08-15,os,RaspberryMatic,0.10
2024-08-15,os,FreedomBox,0.10
2024-08-15,os,Apertis,0.08
2024-08-15,os,Repetier-Server,0.07
2024-08-15,os,Gladys Assistant,0.05
2024-08-15,os,Yodeck Digital Signage,0.05
2024-08-15,os,Falcon Player (FPP),0.04
2024-08-15,os,"SimplyPrint - 3D print anywhere, smarter",0.04
2024-08-15,os,MoodleBox,0.03
2024-08-15,os,info-beamer digital signage,0.03
2024-08-15,os,nymea,0.02
2024-08-15,os,3DPrinterOS,0.02
2024-08-15,os,TLXOS,0.02
2024-08-15,os,Screenly Digital Signage,0.02
2024-08-15,os,VEX Tournament Manager,0.01
2024-08-15,os,PrintWatch OS,0.01
2024-08-15,os,Linutop OS,0.01
2024-08-15,os,XOGO Digital Signage,0.01
2024-08-15,os,Apertis (development release),0.01
2024-08-15,os,DuetPi,0.01
2024-08-15,os,1Play Digital Signage,0.01
2024-08-15,os,Apertis (daily build),0.00
2024-08-15,os,Misc utility images,0.00
2024-08-15,host_arch,x86_64,84.07
2024-08-15,host_arch,arm64,15.38
2024-08-15,host_arch,arm,0.28
2024-08-15,host_arch,i386,0.27
2024-08-15,locale,en_US,33.42
2024-08-15,locale,de_DE,10.66
2024-08-15,locale,en_GB,8.60
2024-08-15,locale,zh_CN,4.82
2024-08-15,locale,fr_FR,4.09
2024-08-15,locale,en_IN,3.42
2024-08-15,locale,ja_JP,3.41
2024-08-15,locale,en_AU,2.52
2024-08-15,locale,pt_BR,2.31
2024-08-15,locale,es_ES,2.13
2024-08-15,locale,ru_RU,1.91
2024-08-15,locale,it_IT,1.81
2024-08-15,locale,en_CA,1.68
2024-08-15,locale,en,1.62
2024-08-15,locale,ko_KR,1.54
2024-08-15,locale,nl_NL,1.40
2024-08-15,locale,pl_PL,1.31
2024-08-15,locale,tr_TR,0.84
2024-08-15,locale,de_AT,0.82
2024-08-15,locale,zh_TW,0.78
2024-08-15,locale,es_MX,0.74
2024-08-15,locale,sv_SE,0.70
2024-08-15,locale,cs_CZ,0.69
2024-08-15,locale,de_CH,0.65
2024-08-15,locale,en_ZA,0.60
2024-08-15,locale,es_AR,0.49
2024-08-15,locale,en_DE,0.48
2024-08-15,locale,en_NL,0.43
2024-08-15,locale,da_DK,0.43
2024-08-15,locale,pt_PT,0.41
2024-08-15,locale,en_NZ,0.39
2024-08-15,locale,hu_HU,0.38
2024-08-15,locale,th_TH,0.33
2024-08-15,locale,nl_BE,0.32
2024-08-15,locale,nb_NO,0.29
2024-08-15,locale,es_CL,0.28
2024-08-15,locale,en_ID,0.28
2024-08-15,locale,en_MY,0.26
2024-08-15,locale,es_CO,0.26
2024-08-15,locale,en_SG,0.25
2024-08-15,locale,uk_UA,0.25
2024-08-15,locale,fr_CA,0.25
2024-08-15,locale,sk_SK,0.23
2024-08-15,locale,en_SE,0.22
2024-08-15,locale,fr_BE,0.22
2024-08-15,locale,fi_FI,0.19
2024-08-15,locale,en_PH,0.19
2024-08-15,locale,en_IE,0.18
2024-08-15,locale,fr_CH,0.18
2024-08-15,locale,en_IL,0.17
2024-08-15,locale,de,0.17
2024-09-12,os,Raspberry Pi OS (64-bit),32.23
2024-09-12,os,Raspberry Pi OS (other),21.02
2024-09-12,os,Ubuntu,10.41
2024-09-12,os,Raspberry Pi OS (32-bit),7.78
2024-09-12,os,Home Assistant,6.88
2024-09-12,os,"Raspberry Pi OS (Legacy, 32-bit)",2.34
2024-09-12,os,Recalbox,2.22
2024-09-12,os,RetroPie,2.20
2024-09-12,os,OctoPi,1.84
2024-09-12,os,Bootloader (Pi 4 family),1.79
2024-09-12,os,Kali Linux,1.30
2024-09-12,os,Mainsail OS,1.18
2024-09-12,os,LibreELEC,1.18
2024-09-12,os,Bootloader (Pi 5 family),1.11
2024-09-12,os,PINN,0.76
2024-09-12,os,DAKboard,0.62
2024-09-12,os,Android by emteria,0.58
2024-09-12,os,Homebridge,0.56
2024-09-12,os,Volumio,0.49
2024-09-12,os,moOde audio player,0.48
2024-09-12,os,FullPageOS,0.45
2024-09-12,os,OSMC,0.37
2024-09-12,os,piCorePlayer,0.29
2024-09-12,os,Anthias,0.22
2024-09-12,os,OctoKlipperPi,0.22
2024-09-12,os,RISC OS Pi,0.21
2024-09-12,os,openHAB,0.21
2024-09-12,os,Ultramarine Linux,0.19
2024-09-12,os,RaspberryMatic,0.11
2024-09-12,os,FreedomBox,0.09
2024-09-12,os,Repetier-Server,0.08
2024-09-12,os,Apertis,0.08
2024-09-12,os,Falcon Player (FPP),0.07
2024-09-12,os,LoLaOS,0.06
2024-09-12,os,Yodeck Digital Signage,0.05
2024-09-12,os,"SimplyPrint - 3D print anywhere, smarter",0.05
2024-09-12,os,Gladys Assistant,0.04
2024-09-12,os,MoodleBox,0.04
2024-09-12,os,info-beamer digital signage,0.03
2024-09-12,os,VEX Tournament Manager,0.02
2024-09-12,os,3DPrinterOS,0.02
2024-09-12,os,Screenly Digital Signage,0.02
2024-09-12,os,nymea,0.02
2024-09-12,os,TLXOS,0.02
2024-09-12,os,PrintWatch OS,0.01
2024-09-12,os,Linutop OS,0.01
2024-09-12,os,XOGO Digital Signage,0.01
2024-09-12,os,1Play Digital Signage,0.01
2024-09-12,os,DuetPi,0.01
2024-09-12,os,Misc utility images,0.01
2024-09-12,os,Apertis (daily build),0.00
2024-09-12,host_arch,x86_64,84.06
2024-09-12,host_arch,arm64,15.47
2024-09-12,host_arch,arm,0.24
2024-09-12,host_arch,i386,0.24
2024-09-12,locale,en_US,32.78
2024-09-12,locale,de_DE,10.91
2024-09-12,locale,en_GB,8.71
2024-09-12,locale,fr_FR,4.59
2024-09-12,locale,zh_CN,4.08
2024-09-12,locale,en_IN,3.18
2024-09-12,locale,ja_JP,3.13
2024-09-12,locale,es_ES,2.25
2024-09-12,locale,en_AU,2.20
2024-09-12,locale,pt_BR,2.11
2024-09-12,locale,ru_RU,2.09
2024-09-12,locale,it_IT,1.92
2024-09-12,locale,ko_KR,1.83
2024-09-12,locale,en_CA,1.70
2024-09-12,locale,en,1.63
2024-09-12,locale,nl_NL,1.55
2024-09-12,locale,pl_PL,1.36
2024-09-12,locale,tr_TR,0.82
2024-09-12,locale,zh_TW,0.80
2024-09-12,locale,de_AT,0.79
2024-09-12,locale,es_MX,0.73
2024-09-12,locale,sv_SE,0.73
2024-09-12,locale,de_CH,0.70
2024-09-12,locale,cs_CZ,0.69
2024-09-12,locale,en_ZA,0.62
2024-09-12,locale,en_NL,0.52
2024-09-12,locale,en_DE,0.51
2024-09-12,locale,es_AR,0.47
2024-09-12,locale,hu_HU,0.43
2024-09-12,locale,da_DK,0.43
2024-09-12,locale,en_NZ,0.42
2024-09-12,locale,pt_PT,0.42
2024-09-12,locale,nb_NO,0.40
2024-09-12,locale,nl_BE,0.34
2024-09-12,locale,es_CO,0.31
2024-09-12,locale,fr_CA,0.30
2024-09-12,locale,th_TH,0.29
2024-09-12,locale,es_CL,0.28
2024-09-12,locale,en_SG,0.27
2024-09-12,locale,en_PH,0.26
2024-09-12,locale,en_SE,0.26
2024-09-12,locale,en_ID,0.25
2024-09-12,locale,en_MY,0.25
2024-09-12,locale,uk_UA,0.25
2024-09-12,locale,sk_SK,0.23
2024-09-12,locale,fr_BE,0.23
2024-09-12,locale,fi_FI,0.22
2024-09-12,locale,en_IE,0.20
2024-09-12,locale,fr_CH,0.19
2024-09-12,locale,en_BE,0.19
2024-09-12,locale,en_IL,0.17
2024-09-14,os,Raspberry Pi OS (64-bit),32.25
2024-09-14,os,Raspberry Pi OS (other),21.03
2024-09-14,os,Ubuntu,10.30
2024-09-14,os,Raspberry Pi OS (32-bit),7.79
2024-09-14,os,Home Assistant,6.92
2024-09-14,os,"Raspberry Pi OS (Legacy, 32-bit)",2.33
2024-09-14,os,Recalbox,2.22
2024-09-14,os,RetroPie,2.20
2024-09-14,os,OctoPi,1.84
2024-09-14,os,Bootloader (Pi 4 family),1.79
2024-09-14,os,Kali Linux,1.31
2024-09-14,os,LibreELEC,1.19
2024-09-14,os,Mainsail OS,1.19
2024-09-14,os,Bootloader (Pi 5 family),1.12
2024-09-14,os,PINN,0.76
2024-09-14,os,DAKboard,0.60
2024-09-14,os,Android by emteria,0.58
2024-09-14,os,Homebridge,0.55
2024-09-14,os,moOde audio player,0.49
2024-09-14,os,Volumio,0.49
2024-09-14,os,FullPageOS,0.45
2024-09-14,os,OSMC,0.38
2024-09-14,os,piCorePlayer,0.29
2024-09-14,os,OctoKlipperPi,0.22
2024-09-14,os,Anthias,0.22
2024-09-14,os,openHAB,0.22
2024-09-14,os,RISC OS Pi,0.22
2024-09-14,os,Ultramarine Linux,0.20
2024-09-14,os,RaspberryMatic,0.11
2024-09-14,os,FreedomBox,0.09
2024-09-14,os,Repetier-Server,0.08
2024-09-14,os,Apertis,0.08
2024-09-14,os,Falcon Player (FPP),0.07
2024-09-14,os,LoLaOS,0.07
2024-09-14,os,Yodeck Digital Signage,0.05
2024-09-14,os,"SimplyPrint - 3D print anywhere, smarter",0.05
2024-09-14,os,Gladys Assistant,0.04
2024-09-14,os,MoodleBox,0.04
2024-09-14,os,info-beamer digital signage,0.03
2024-09-14,os,VEX Tournament Manager,0.02
2024-09-14,os,3DPrinterOS,0.02
2024-09-14,os,Screenly Digital Signage,0.02
2024-09-14,os,nymea,0.02
2024-09-14,os,TLXOS,0.02
2024-09-14,os,PrintWatch OS,0.01
2024-09-14,os,Linutop OS,0.01
2024-09-14,os,XOGO Digital Signage,0.01
2024-09-14,os,1Play Digital Signage,0.01
2024-09-14,os,DuetPi,0.01
2024-09-14,os,Misc utility images,0.01
2024-09-14,os,Apertis (daily build),0.00
2024-09-14,host_arch,x86_64,84.07
2024-09-14,host_arch,arm64,15.46
2024-09-14,host_arch,arm,0.24
2024-09-14,host_arch,i386,0.23
2024-09-14,locale,en_US,32.73
2024-09-14,locale,de_DE,11.02
2024-09-14,locale,en_GB,8.67
2024-09-14,locale,fr_FR,4.60
2024-09-14,locale,zh_CN,4.05
2024-09-14,locale,en_IN,3.17
2024-09-14,locale,ja_JP,3.10
2024-09-14,locale,es_ES,2.25
2024-09-14,locale,en_AU,2.17
2024-09-14,locale,pt_BR,2.09
2024-09-14,locale,ru_RU,2.07
2024-09-14,locale,it_IT,1.94
2024-09-14,locale,ko_KR,1.85
2024-09-14,locale,en_CA,1.72
2024-09-14,locale,en,1.62
2024-09-14,locale,nl_NL,1.57
2024-09-14,locale,pl_PL,1.38
2024-09-14,locale,tr_TR,0.82
2024-09-14,locale,de_AT,0.81
2024-09-14,locale,zh_TW,0.79
2024-09-14,locale,sv_SE,0.73
2024-09-14,locale,es_MX,0.72
2024-09-14,locale,cs_CZ,0.71
2024-09-14,locale,de_CH,0.70
2024-09-14,locale,en_ZA,0.61
2024-09-14,locale,en_NL,0.53
2024-09-14,locale,en_DE,0.52
2024-09-14,locale,es_AR,0.45
2024-09-14,locale,hu_HU,0.44
2024-09-14,locale,da_DK,0.43
2024-09-14,locale,en_NZ,0.42
2024-09-14,locale,pt_PT,0.41
2024-09-14,locale,nb_NO,0.39
2024-09-14,locale,nl_BE,0.35
2024-09-14,locale,fr_CA,0.31
2024-09-14,locale,es_CO,0.30
2024-09-14,locale,th_TH,0.30
2024-09-14,locale,es_CL,0.28
2024-09-14,locale,en_SG,0.27
2024-09-14,locale,en_SE,0.26
2024-09-14,locale,en_PH,0.26
2024-09-14,locale,en_ID,0.25
2024-09-14,locale,en_MY,0.25
2024-09-14,locale,uk_UA,0.24
2024-09-14,locale,sk_SK,0.24
2024-09-14,locale,fr_BE,0.23
2024-09-14,locale,fi_FI,0.23
2024-09-14,locale,en_IE,0.19
2024-09-14,locale,fr_CH,0.19
2024-09-14,locale,en_BE,0.19
2024-09-14,locale,de,0.17
2024-09-18,os,Raspberry Pi OS (64-bit),32.34
2024-09-18,os,Raspberry Pi OS (other),21.03
2024-09-18,os,Ubuntu,10.29
2024-09-18,os,Raspberry Pi OS (32-bit),7.84
2024-09-18,os,Home Assistant,6.83
2024-09-18,os,"Raspberry Pi OS (Legacy, 32-bit)",2.35
2024-09-18,os,Recalbox,2.21
2024-09-18,os,RetroPie,2.16
2024-09-18,os,OctoPi,1.85
2024-09-18,os,Bootloader (Pi 4 family),1.76
2024-09-18,os,Kali Linux,1.32
2024-09-18,os,LibreELEC,1.20
2024-09-18,os,Mainsail OS,1.20
2024-09-18,os,Bootloader (Pi 5 family),1.11
2024-09-18,os,PINN,0.76
2024-09-18,os,Android by emteria,0.58
2024-09-18,os,Homebridge,0.56
2024-09-18,os,DAKboard,0.51
2024-09-18,os,Volumio,0.50
2024-09-18,os,moOde audio player,0.50
2024-09-18,os,FullPageOS,0.44
2024-09-18,os,OSMC,0.38
2024-09-18,os,piCorePlayer,0.30
2024-09-18,os,OctoKlipperPi,0.22
2024-09-18,os,Anthias,0.22
2024-09-18,os,RISC OS Pi,0.22
2024-09-18,os,openHAB,0.21
2024-09-18,os,Ultramarine Linux,0.20
2024-09-18,os,RaspberryMatic,0.12
2024-09-18,os,FreedomBox,0.09
2024-09-18,os,Apertis,0.08
2024-09-18,os,Falcon Player (FPP),0.08
2024-09-18,os,LoLaOS,0.08
2024-09-18,os,Repetier-Server,0.08
2024-09-18,os,"SimplyPrint - 3D print anywhere, smarter",0.05
2024-09-18,os,Yodeck Digital Signage,0.05
2024-09-18,os,Gladys Assistant,0.04
2024-09-18,os,MoodleBox,0.04
2024-09-18,os,info-beamer digital signage,0.03
2024-09-18,os,VEX Tournament Manager,0.02
2024-09-18,os,3DPrinterOS,0.02
2024-09-18,os,TLXOS,0.02
2024-09-18,os,nymea,0.02
2024-09-18,os,Screenly Digital Signage,0.02
2024-09-18,os,PrintWatch OS,0.01
2024-09-18,os,XOGO Digital Signage,0.01
2024-09-18,os,Linutop OS,0.01
2024-09-18,os,DuetPi,0.01
2024-09-18,os,1Play Digital Signage,0.01
2024-09-18,os,Misc utility images,0.00
2024-09-18,os,Apertis (daily build),0.00
2024-09-18,host_arch,x86_64,84.11
2024-09-18,host_arch,arm64,15.42
2024-09-18,host_arch,arm,0.25
2024-09-18,host_arch,i386,0.22
2024-09-18,locale,en_US,32.70
2024-09-18,locale,de_DE,11.18
2024-09-18,locale,en_GB,8.61
2024-09-18,locale,fr_FR,4.72
2024-09-18,locale,zh_CN,4.03
2024-09-18,locale,en_IN,3.16
2024-09-18,locale,ja_JP,3.06
2024-09-18,locale,es_ES,2.28
2024-09-18,locale,en_AU,2.10
2024-09-18,locale,ru_RU,2.08
2024-09-18,locale,pt_BR,2.03
2024-09-18,locale,it_IT,1.99
2024-09-18,locale,ko_KR,1.78
2024-09-18,locale,en_CA,1.72
2024-09-18,locale,en,1.61
2024-09-18,locale,nl_NL,1.56
2024-09-18,locale,pl_PL,1.41
2024-09-18,locale,de_AT,0.83
2024-09-18,locale,zh_TW,0.81
2024-09-18,locale,tr_TR,0.80
2024-09-18,locale,cs_CZ,0.73
2024-09-18,locale,sv_SE,0.72
2024-09-18,locale,de_CH,0.71
2024-09-18,locale,es_MX,0.70
2024-09-18,locale,en_ZA,0.59
2024-09-18,locale,en_NL,0.52
2024-09-18,locale,en_DE,0.52
2024-09-18,locale,hu_HU,0.45
2024-09-18,locale,es_AR,0.44
2024-09-18,locale,pt_PT,0.43
2024-09-18,locale,da_DK,0.43
2024-09-18,locale,en_NZ,0.41
2024-09-18,locale,nb_NO,0.39
2024-09-18,locale,nl_BE,0.34
2024-09-18,locale,fr_CA,0.30
2024-09-18,locale,es_CO,0.30
2024-09-18,locale,th_TH,0.29
2024-09-18,locale,es_CL,0.27
2024-09-18,locale,en_SG,0.27
2024-09-18,locale,en_PH,0.27
2024-09-18,locale,en_SE,0.26
2024-09-18,locale,uk_UA,0.25
2024-09-18,locale,en_ID,0.25
2024-09-18,locale,en_MY,0.25
2024-09-18,locale,sk_SK,0.23
2024-09-18,locale,fi_FI,0.23
2024-09-18,locale,fr_BE,0.23
2024-09-18,locale,en_IE,0.21
2024-09-18,locale,en_BE,0.19
2024-09-18,locale,fr_CH,0.19
2024-09-18,locale,el_GR,0.18
2024-10-05,os,Raspberry Pi OS (64-bit),32.56
2024-10-05,os,Raspberry Pi OS (other),21.19
2024-10-05,os,Ubuntu,10.00
2024-10-05,os,Raspberry Pi OS (32-bit),7.95
2024-10-05,os,Home Assistant,6.81
2024-10-05,os,"Raspberry Pi OS (Legacy, 32-bit)",2.37
2024-10-05,os,RetroPie,2.10
2024-10-05,os,Recalbox,2.07
2024-10-05,os,OctoPi,1.85
2024-10-05,os,Bootloader (Pi 4 family),1.80
2024-10-05,os,Kali Linux,1.32
2024-10-05,os,LibreELEC,1.19
2024-10-05,os,Mainsail OS,1.18
2024-10-05,os,Bootloader (Pi 5 family),1.17
2024-10-05,os,PINN,0.75
2024-10-05,os,Android by emteria,0.60
2024-10-05,os,Homebridge,0.57
2024-10-05,os,moOde audio player,0.54
2024-10-05,os,Volumio,0.52
2024-10-05,os,FullPageOS,0.43
2024-10-05,os,OSMC,0.39
2024-10-05,os,piCorePlayer,0.29
2024-10-05,os,DAKboard,0.28
2024-10-05,os,Anthias,0.23
2024-10-05,os,openHAB,0.23
2024-10-05,os,RISC OS Pi,0.22
2024-10-05,os,OctoKlipperPi,0.22
2024-10-05,os,Ultramarine Linux,0.18
2024-10-05,os,RaspberryMatic,0.14
2024-10-05,os,Falcon Player (FPP),0.12
2024-10-05,os,FreedomBox,0.09
2024-10-05,os,Apertis,0.08
2024-10-05,os,Repetier-Server,0.07
2024-10-05,os,LoLaOS,0.07
2024-10-05,os,Yodeck Digital Signage,0.06
2024-10-05,os,"SimplyPrint - 3D print anywhere, smarter",0.05
2024-10-05,os,MoodleBox,0.04
2024-10-05,os,Gladys Assistant,0.04
2024-10-05,os,info-beamer digital signage,0.04
2024-10-05,os,VEX Tournament Manager,0.03
2024-10-05,os,nymea,0.02
2024-10-05,os,TLXOS,0.02
2024-10-05,os,3DPrinterOS,0.02
2024-10-05,os,Screenly Digital Signage,0.02
2024-10-05,os,PrintWatch OS,0.01
2024-10-05,os,XOGO Digital Signage,0.01
2024-10-05,os,DuetPi,0.01
2024-10-05,os,Linutop OS,0.01
2024-10-05,os,Apertis (development release),0.01
2024-10-05,os,RaspberryMatic Nightly Snapshots,0.01
2024-10-05,os,1Play Digital Signage,0.00
2024-10-05,host_arch,x86_64,84.38
2024-10-05,host_arch,arm64,15.16
2024-10-05,host_arch,arm,0.24
2024-10-05,host_arch,i386,0.22
2024-10-05,locale,en_US,31.78
2024-10-05,locale,de_DE,11.90
2024-10-05,locale,en_GB,8.38
2024-10-05,locale,fr_FR,4.91
2024-10-05,locale,zh_CN,3.88
2024-10-05,locale,en_IN,3.26
2024-10-05,locale,ja_JP,3.06
2024-10-05,locale,es_ES,2.29
2024-10-05,locale,it_IT,2.13
2024-10-05,locale,ru_RU,2.12
2024-10-05,locale,en_AU,2.04
2024-10-05,locale,pt_BR,1.90
2024-10-05,locale,ko_KR,1.88
2024-10-05,locale,en_CA,1.72
2024-10-05,locale,nl_NL,1.63
2024-10-05,locale,en,1.55
2024-10-05,locale,pl_PL,1.52
2024-10-05,locale,de_AT,0.89
2024-10-05,locale,zh_TW,0.83
2024-10-05,locale,cs_CZ,0.79
2024-10-05,locale,tr_TR,0.78
2024-10-05,locale,de_CH,0.75
2024-10-05,locale,es_MX,0.71
2024-10-05,locale,sv_SE,0.71
2024-10-05,locale,en_ZA,0.56
2024-10-05,locale,en_NL,0.55
2024-10-05,locale,en_DE,0.53
2024-10-05,locale,pt_PT,0.47
2024-10-05,locale,hu_HU,0.46
2024-10-05,locale,da_DK,0.42
2024-10-05,locale,nl_BE,0.40
2024-10-05,locale,es_AR,0.38
2024-10-05,locale,en_NZ,0.37
2024-10-05,locale,nb_NO,0.36
2024-10-05,locale,es_CO,0.29
2024-10-05,locale,en_PH,0.27
2024-10-05,locale,fr_CA,0.27
2024-10-05,locale,uk_UA,0.26
2024-10-05,locale,th_TH,0.26
2024-10-05,locale,en_SG,0.26
2024-10-05,locale,en_ID,0.25
2024-10-05,locale,fr_BE,0.25
2024-10-05,locale,en_MY,0.25
2024-10-05,locale,fi_FI,0.25
2024-10-05,locale,sk_SK,0.24
2024-10-05,locale,en_SE,0.24
2024-10-05,locale,es_CL,0.23
2024-10-05,locale,en_IE,0.21
2024-10-05,locale,de,0.20
2024-10-05,locale,fr_CH,0.20
2024-10-05,locale,en_BE,0.20
2024-11-14,os,Raspberry Pi OS (64-bit),33.08
2024-11-14,os,Raspberry Pi OS (other),20.84
2024-11-14,os,Ubuntu,9.81
2024-11-14,os,Home Assistant,7.95
2024-11-14,os,Raspberry Pi OS (32-bit),7.81
2024-11-14,os,"Raspberry Pi OS (Legacy, 32-bit)",2.23
2024-11-14,os,Recalbox,2.05
2024-11-14,os,RetroPie,1.96
2024-11-14,os,OctoPi,1.68
2024-11-14,os,Bootloader (Pi 4 family),1.68
2024-11-14,os,Kali Linux,1.28
2024-11-14,os,Bootloader (Pi 5 family),1.20
2024-11-14,os,LibreELEC,1.09
2024-11-14,os,Mainsail OS,1.06
2024-11-14,os,PINN,0.74
2024-11-14,os,Android by emteria,0.60
2024-11-14,os,Homebridge,0.53
2024-11-14,os,FullPageOS,0.48
2024-11-14,os,Volumio,0.47
2024-11-14,os,moOde audio player,0.43
2024-11-14,os,OSMC,0.37
2024-11-14,os,DAKboard,0.35
2024-11-14,os,piCorePlayer,0.28
2024-11-14,os,openHAB,0.22
2024-11-14,os,OctoKlipperPi,0.20
2024-11-14,os,Anthias,0.20
2024-11-14,os,RISC OS Pi,0.19
2024-11-14,os,Falcon Player (FPP),0.19
2024-11-14,os,Ultramarine Linux,0.18
2024-11-14,os,RaspberryMatic,0.15
2024-11-14,os,FreedomBox,0.09
2024-11-14,os,Repetier-Server,0.07
2024-11-14,os,Apertis,0.07
2024-11-14,os,Yodeck Digital Signage,0.05
2024-11-14,os,LoLaOS,0.05
2024-11-14,os,VEX Tournament Manager,0.05
2024-11-14,os,MoodleBox,0.04
2024-11-14,os,"SimplyPrint - 3D print anywhere, smarter",0.04
2024-11-14,os,Gladys Assistant,0.04
2024-11-14,os,TLXOS,0.03
2024-11-14,os,info-beamer digital signage,0.03
2024-11-14,os,3DPrinterOS,0.03
2024-11-14,os,nymea,0.02
2024-11-14,os,Screenly Digital Signage,0.02
2024-11-14,os,PrintWatch OS,0.01
2024-11-14,os,XOGO Digital Signage,0.01
2024-11-14,os,Linutop OS,0.01
2024-11-14,os,1Play Digital Signage,0.01
2024-11-14,os,DuetPi,0.01
2024-11-14,os,Web3 Pi,0.01
2024-11-14,os,RaspberryMatic Nightly Snapshots,0.01
2024-11-14,host_arch,x86_64,83.84
2024-11-14,host_arch,arm64,15.69
2024-11-14,host_arch,i386,0.23
2024-11-14,host_arch,arm,0.23
2024-11-14,locale,en_US,31.32
2024-11-14,locale,de_DE,12.82
2024-11-14,locale,en_GB,8.57
2024-11-14,locale,fr_FR,4.76
2024-11-14,locale,zh_CN,3.91
2024-11-14,locale,en_IN,3.07
2024-11-14,locale,ja_JP,2.86
2024-11-14,locale,it_IT,2.39
2024-11-14,locale,es_ES,2.29
2024-11-14,locale,ru_RU,2.23
2024-11-14,locale,pt_BR,1.93
2024-11-14,locale,en_AU,1.72
2024-11-14,locale,en_CA,1.72
2024-11-14,locale,nl_NL,1.68
2024-11-14,locale,en,1.66
2024-11-14,locale,pl_PL,1.65
2024-11-14,locale,ko_KR,1.61
2024-11-14,locale,de_AT,0.88
2024-11-14,locale,cs_CZ,0.81
2024-11-14,locale,sv_SE,0.79
2024-11-14,locale,tr_TR,0.76
2024-11-14,locale,de_CH,0.76
2024-11-14,locale,zh_TW,0.69
2024-11-14,locale,es_MX,0.66
2024-11-14,locale,en_DE,0.52
2024-11-14,locale,en_NL,0.51
2024-11-14,locale,hu_HU,0.49
2024-11-14,locale,en_ZA,0.49
2024-11-14,locale,pt_PT,0.47
2024-11-14,locale,da_DK,0.46
2024-11-14,locale,nl_BE,0.41
2024-11-14,locale,nb_NO,0.37
2024-11-14,locale,es_AR,0.32
2024-11-14,locale,en_NZ,0.31
2024-11-14,locale,uk_UA,0.28
2024-11-14,locale,fr_CA,0.27
2024-11-14,locale,fr_BE,0.27
2024-11-14,locale,en_SE,0.26
2024-11-14,locale,sk_SK,0.26
2024-11-14,locale,en_MY,0.26
2024-11-14,locale,th_TH,0.25
2024-11-14,locale,es_CO,0.25
2024-11-14,locale,fi_FI,0.25
2024-11-14,locale,en_SG,0.23
2024-11-14,locale,en_PH,0.23
2024-11-14,locale,es_CL,0.23
2024-11-14,locale,en_ID,0.22
2024-11-14,locale,de,0.22
2024-11-14,locale,en_IE,0.21
2024-11-14,locale,fr_CH,0.21
2024-11-14,locale,el_GR,0.20
2024-12-06,os,Raspberry Pi OS (64-bit),33.97
2024-12-06,os,Raspberry Pi OS (other),20.92
2024-12-06,os,Ubuntu,9.22
2024-12-06,os,Home Assistant,8.01
2024-12-06,os,Raspberry Pi OS (32-bit),7.78
2024-12-06,os,"Raspberry Pi OS (Legacy, 32-bit)",2.18
2024-12-06,os,Recalbox,2.05
2024-12-06,os,RetroPie,1.99
2024-12-06,os,OctoPi,1.74
2024-12-06,os,Bootloader (Pi 4 family),1.57
2024-12-06,os,Bootloader (Pi 5 family),1.22
2024-12-06,os,Kali Linux,1.07
2024-12-06,os,LibreELEC,1.06
2024-12-06,os,Mainsail OS,1.05
2024-12-06,os,PINN,0.79
2024-12-06,os,Homebridge,0.55
2024-12-06,os,Android by emteria,0.55
2024-12-06,os,Volumio,0.50
2024-12-06,os,FullPageOS,0.46
2024-12-06,os,moOde audio player,0.45
2024-12-06,os,OSMC,0.36
2024-12-06,os,piCorePlayer,0.27
2024-12-06,os,DAKboard,0.26
2024-12-06,os,Falcon Player (FPP),0.23
2024-12-06,os,openHAB,0.21
2024-12-06,os,RISC OS Pi,0.20
2024-12-06,os,OctoKlipperPi,0.19
2024-12-06,os,Ultramarine Linux,0.19
2024-12-06,os,Anthias,0.17
2024-12-06,os,RaspberryMatic,0.15
2024-12-06,os,FreedomBox,0.08
2024-12-06,os,Apertis,0.07
2024-12-06,os,Repetier-Server,0.06
2024-12-06,os,VEX Tournament Manager,0.04
2024-12-06,os,"SimplyPrint - 3D print anywhere, smarter",0.04
2024-12-06,os,Yodeck Digital Signage,0.04
2024-12-06,os,LoLaOS,0.04
2024-12-06,os,MoodleBox,0.04
2024-12-06,os,Gladys Assistant,0.03
2024-12-06,os,info-beamer digital signage,0.03
2024-12-06,os,3DPrinterOS,0.02
2024-12-06,os,nymea,0.02
2024-12-06,os,TLXOS,0.02
2024-12-06,os,Web3 Pi,0.02
2024-12-06,os,PrintWatch OS,0.02
2024-12-06,os,Screenly Digital Signage,0.01
2024-12-06,os,XOGO Digital Signage,0.01
2024-12-06,os,Linutop OS,0.01
2024-12-06,os,Alpine Linux,0.01
2024-12-06,os,DuetPi,0.01
2024-12-06,os,RaspberryMatic Nightly Snapshots,0.01
2024-12-06,host_arch,x86_64,83.55
2024-12-06,host_arch,arm64,16.00
2024-12-06,host_arch,arm,0.23
2024-12-06,host_arch,i386,0.22
2024-12-06,locale,en_US,32.01
2024-12-06,locale,de_DE,12.66
2024-12-06,locale,en_GB,8.53
2024-12-06,locale,fr_FR,4.84
2024-12-06,locale,zh_CN,3.69
2024-12-06,locale,en_IN,3.08
2024-12-06,locale,ja_JP,2.76
2024-12-06,locale,it_IT,2.31
2024-12-06,locale,es_ES,2.27
2024-12-06,locale,ru_RU,2.26
2024-12-06,locale,pt_BR,1.77
2024-12-06,locale,en_CA,1.74
2024-12-06,locale,en_AU,1.73
2024-12-06,locale,pl_PL,1.68
2024-12-06,locale,ko_KR,1.66
2024-12-06,locale,nl_NL,1.64
2024-12-06,locale,en,1.63
2024-12-06,locale,de_AT,0.95
2024-12-06,locale,tr_TR,0.86
2024-12-06,locale,cs_CZ,0.80
2024-12-06,locale,sv_SE,0.79
2024-12-06,locale,de_CH,0.77
2024-12-06,locale,zh_TW,0.69
2024-12-06,locale,es_MX,0.65
2024-12-06,locale,en_DE,0.54
2024-12-06,locale,en_NL,0.52
2024-12-06,locale,hu_HU,0.46
2024-12-06,locale,nl_BE,0.44
2024-12-06,locale,pt_PT,0.44
2024-12-06,locale,da_DK,0.43
2024-12-06,locale,en_ZA,0.42
2024-12-06,locale,nb_NO,0.32
2024-12-06,locale,es_AR,0.31
2024-12-06,locale,en_NZ,0.30
2024-12-06,locale,uk_UA,0.29
2024-12-06,locale,fr_CA,0.29
2024-12-06,locale,th_TH,0.28
2024-12-06,locale,en_SE,0.26
2024-12-06,locale,en_MY,0.26
2024-12-06,locale,sk_SK,0.25
2024-12-06,locale,en_PH,0.25
2024-12-06,locale,fr_BE,0.25
2024-12-06,locale,en_ID,0.24
2024-12-06,locale,fi_FI,0.24
2024-12-06,locale,es_CL,0.23
2024-12-06,locale,en_SG,0.22
2024-12-06,locale,es_CO,0.22
2024-12-06,locale,fr_CH,0.21
2024-12-06,locale,en_IE,0.20
2024-12-06,locale,de,0.20
2024-12-06,locale,en_BE,0.19
2025-01-14,os,Raspberry Pi OS (64-bit),32.47
2025-01-14,os,Raspberry Pi OS (other),20.32
2025-01-14,os,Ubuntu,9.00
2025-01-14,os,Home Assistant,8.89
2025-01-14,os,Raspberry Pi OS (32-bit),7.12
2025-01-14,os,Recalbox,2.59
2025-01-14,os,RetroPie,2.46
2025-01-14,os,OctoPi,1.93
2025-01-14,os,"Raspberry Pi OS (Legacy, 32-bit)",1.90
2025-01-14,os,Bootloader (Pi 4 family),1.54
2025-01-14,os,Bootloader (Pi 5 family),1.36
2025-01-14,os,LibreELEC,1.22
2025-01-14,os,Kali Linux,1.18
2025-01-14,os,Mainsail OS,1.13
2025-01-14,os,PINN,0.82
2025-01-14,os,Android by emteria,0.68
2025-01-14,os,Homebridge,0.60
2025-01-14,os,Volumio,0.56
2025-01-14,os,Alpine Linux,0.51
2025-01-14,os,moOde audio player,0.50
2025-01-14,os,FullPageOS,0.40
2025-01-14,os,DAKboard,0.38
2025-01-14,os,OSMC,0.36
2025-01-14,os,piCorePlayer,0.29
2025-01-14,os,openHAB,0.25
2025-01-14,os,OctoKlipperPi,0.21
2025-01-14,os,RISC OS Pi,0.19
2025-01-14,os,Ultramarine Linux,0.15
2025-01-14,os,Anthias,0.15
2025-01-14,os,RaspberryMatic,0.13
2025-01-14,os,Falcon Player (FPP),0.12
2025-01-14,os,Repetier-Server,0.08
2025-01-14,os,FreedomBox,0.06
2025-01-14,os,Apertis,0.06
2025-01-14,os,LoLaOS,0.05
2025-01-14,os,Gladys Assistant,0.04
2025-01-14,os,"SimplyPrint - 3D print anywhere, smarter",0.04
2025-01-14,os,Yodeck Digital Signage,0.03
2025-01-14,os,MoodleBox,0.03
2025-01-14,os,info-beamer digital signage,0.03
2025-01-14,os,VEX Tournament Manager,0.02
2025-01-14,os,3DPrinterOS,0.02
2025-01-14,os,piCorePlayer Test Images,0.02
2025-01-14,os,nymea,0.02
2025-01-14,os,PrintWatch OS,0.02
2025-01-14,os,TLXOS,0.02
2025-01-14,os,Web3 Pi,0.02
2025-01-14,os,Screenly Digital Signage,0.01
2025-01-14,os,XOGO Digital Signage,0.01
2025-01-14,os,Linutop OS,0.01
2025-01-14,os,DuetPi,0.01
2025-01-14,host_arch,x86_64,82.32
2025-01-14,host_arch,arm64,17.25
2025-01-14,host_arch,i386,0.22
2025-01-14,host_arch,arm,0.21
2025-01-14,locale,en_US,33.05
2025-01-14,locale,de_DE,13.44
2025-01-14,locale,en_GB,8.91
2025-01-14,locale,fr_FR,4.90
2025-01-14,locale,zh_CN,3.40
2025-01-14,locale,ja_JP,2.61
2025-01-14,locale,en_IN,2.52
2025-01-14,locale,it_IT,2.18
2025-01-14,locale,es_ES,2.16
2025-01-14,locale,ru_RU,2.07
2025-01-14,locale,en_CA,1.92
2025-01-14,locale,en_AU,1.90
2025-01-14,locale,en,1.83
2025-01-14,locale,nl_NL,1.70
2025-01-14,locale,pl_PL,1.70
2025-01-14,locale,pt_BR,1.43
2025-01-14,locale,ko_KR,1.02
2025-01-14,locale,de_AT,0.99
2025-01-14,locale,cs_CZ,0.90
2025-01-14,locale,tr_TR,0.83
2025-01-14,locale,sv_SE,0.83
2025-01-14,locale,de_CH,0.78
2025-01-14,locale,zh_TW,0.57
2025-01-14,locale,hu_HU,0.52
2025-01-14,locale,en_DE,0.50
2025-01-14,locale,en_NL,0.49
2025-01-14,locale,es_MX,0.47
2025-01-14,locale,da_DK,0.47
2025-01-14,locale,nl_BE,0.43
2025-01-14,locale,en_ZA,0.43
2025-01-14,locale,pt_PT,0.41
2025-01-14,locale,en_NZ,0.33
2025-01-14,locale,nb_NO,0.30
2025-01-14,locale,fr_CA,0.30
2025-01-14,locale,fr_BE,0.28
2025-01-14,locale,sk_SK,0.28
2025-01-14,locale,es_AR,0.27
2025-01-14,locale,uk_UA,0.26
2025-01-14,locale,fi_FI,0.25
2025-01-14,locale,en_SE,0.23
2025-01-14,locale,el_GR,0.23
2025-01-14,locale,en_IE,0.22
2025-01-14,locale,de,0.22
2025-01-14,locale,th_TH,0.21
2025-01-14,locale,en_MY,0.19
2025-01-14,locale,en_PH,0.19
2025-01-14,locale,en_BE,0.19
2025-01-14,locale,fr_CH,0.19
2025-01-14,locale,en_ID,0.18
2025-01-14,locale,en_SG,0.18
2025-01-14,locale,es_CL,0.18
2025-01-23,os,Raspberry Pi OS (64-bit),32.51
2025-01-23,os,Raspberry Pi OS (other),20.30
2025-01-23,os,Ubuntu,9.21
2025-01-23,os,Home Assistant,8.72
2025-01-23,os,Raspberry Pi OS (32-bit),7.08
2025-01-23,os,Recalbox,2.56
2025-01-23,os,RetroPie,2.39
2025-01-23,os,OctoPi,1.93
2025-01-23,os,"Raspberry Pi OS (Legacy, 32-bit)",1.88
2025-01-23,os,Bootloader (Pi 4 family),1.54
2025-01-23,os,Bootloader (Pi 5 family),1.44
2025-01-23,os,Kali Linux,1.21
2025-01-23,os,LibreELEC,1.19
2025-01-23,os,Mainsail OS,1.15
2025-01-23,os,PINN,0.82
2025-01-23,os,Android by emteria,0.71
2025-01-23,os,Homebridge,0.59
2025-01-23,os,Volumio,0.52
2025-01-23,os,Alpine Linux,0.52
2025-01-23,os,moOde audio player,0.49
2025-01-23,os,FullPageOS,0.42
2025-01-23,os,DAKboard,0.39
2025-01-23,os,OSMC,0.36
2025-01-23,os,piCorePlayer,0.27
2025-01-23,os,openHAB,0.24
2025-01-23,os,OctoKlipperPi,0.21
2025-01-23,os,RISC OS Pi,0.19
2025-01-23,os,Anthias,0.15
2025-01-23,os,Ultramarine Linux,0.15
2025-01-23,os,RaspberryMatic,0.15
2025-01-23,os,Repetier-Server,0.08
2025-01-23,os,Falcon Player (FPP),0.08
2025-01-23,os,Apertis,0.06
2025-01-23,os,FreedomBox,0.06
2025-01-23,os,LoLaOS,0.05
2025-01-23,os,Gladys Assistant,0.04
2025-01-23,os,"SimplyPrint - 3D print anywhere, smarter",0.04
2025-01-23,os,Yodeck Digital Signage,0.04
2025-01-23,os,piCorePlayer Test Images,0.03
2025-01-23,os,info-beamer digital signage,0.03
2025-01-23,os,VEX Tournament Manager,0.03
2025-01-23,os,MoodleBox,0.03
2025-01-23,os,3DPrinterOS,0.02
2025-01-23,os,nymea,0.02
2025-01-23,os,TLXOS,0.02
2025-01-23,os,PrintWatch OS,0.02
2025-01-23,os,Web3 Pi,0.01
2025-01-23,os,Screenly Digital Signage,0.01
2025-01-23,os,Linutop OS,0.01
2025-01-23,os,RaspberryMatic Nightly Snapshots,0.01
2025-01-23,os,XOGO Digital Signage,0.01
2025-01-23,host_arch,x86_64,82.18
2025-01-23,host_arch,arm64,17.39
2025-01-23,host_arch,arm,0.22
2025-01-23,host_arch,i386,0.21
2025-01-23,locale,en_US,33.46
2025-01-23,locale,de_DE,13.30
2025-01-23,locale,en_GB,8.96
2025-01-23,locale,fr_FR,4.77
2025-01-23,locale,zh_CN,3.33
2025-01-23,locale,ja_JP,2.52
2025-01-23,locale,en_IN,2.50
2025-01-23,locale,es_ES,2.18
2025-01-23,locale,it_IT,2.15
2025-01-23,locale,ru_RU,2.08
2025-01-23,locale,en_CA,1.92
2025-01-23,locale,en_AU,1.90
2025-01-23,locale,en,1.85
2025-01-23,locale,pl_PL,1.73
2025-01-23,locale,nl_NL,1.66
2025-01-23,locale,pt_BR,1.46
2025-01-23,locale,ko_KR,1.01
2025-01-23,locale,de_AT,1.01
2025-01-23,locale,cs_CZ,0.90
2025-01-23,locale,sv_SE,0.82
2025-01-23,locale,tr_TR,0.80
2025-01-23,locale,de_CH,0.76
2025-01-23,locale,zh_TW,0.56
2025-01-23,locale,hu_HU,0.51
2025-01-23,locale,en_DE,0.50
2025-01-23,locale,es_MX,0.49
2025-01-23,locale,en_NL,0.49
2025-01-23,locale,da_DK,0.47
2025-01-23,locale,en_ZA,0.42
2025-01-23,locale,nl_BE,0.41
2025-01-23,locale,pt_PT,0.41
2025-01-23,locale,en_NZ,0.33
2025-01-23,locale,nb_NO,0.31
2025-01-23,locale,fr_CA,0.30
2025-01-23,locale,es_AR,0.27
2025-01-23,locale,uk_UA,0.27
2025-01-23,locale,fr_BE,0.26
2025-01-23,locale,sk_SK,0.26
2025-01-23,locale,fi_FI,0.24
2025-01-23,locale,en_SE,0.23
2025-01-23,locale,en_IE,0.23
2025-01-23,locale,th_TH,0.23
2025-01-23,locale,el_GR,0.21
2025-01-23,locale,de,0.21
2025-01-23,locale,en_MY,0.19
2025-01-23,locale,fr_CH,0.19
2025-01-23,locale,en_PH,0.19
2025-01-23,locale,en_SG,0.19
2025-01-23,locale,en_ID,0.18
2025-01-23,locale,en_BE,0.18
2025-01-23,locale,es_CL,0.18
2025-02-10,os,Raspberry Pi OS (64-bit),32.42
2025-02-10,os,Raspberry Pi OS (other),20.56
2025-02-10,os,Ubuntu,9.70
2025-02-10,os,Home Assistant,8.34
2025-02-10,os,Raspberry Pi OS (32-bit),7.16
2025-02-10,os,Recalbox,2.25
2025-02-10,os,RetroPie,2.18
2025-02-10,os,"Raspberry Pi OS (Legacy, 32-bit)",1.96
2025-02-10,os,OctoPi,1.86
2025-02-10,os,Bootloader (Pi 4 family),1.60
2025-02-10,os,Bootloader (Pi 5 family),1.52
2025-02-10,os,Kali Linux,1.25
2025-02-10,os,Mainsail OS,1.16
2025-02-10,os,LibreELEC,1.16
2025-02-10,os,PINN,0.80
2025-02-10,os,Android by emteria,0.70
2025-02-10,os,Alpine Linux,0.54
2025-02-10,os,Homebridge,0.53
2025-02-10,os,Volumio,0.49
2025-02-10,os,moOde audio player,0.48
2025-02-10,os,FullPageOS,0.47
2025-02-10,os,DAKboard,0.35
2025-02-10,os,OSMC,0.35
2025-02-10,os,piCorePlayer,0.28
2025-02-10,os,openHAB,0.22
2025-02-10,os,OctoKlipperPi,0.20
2025-02-10,os,RISC OS Pi,0.20
2025-02-10,os,Anthias,0.17
2025-02-10,os,Ultramarine Linux,0.16
2025-02-10,os,RaspberryMatic,0.15
2025-02-10,os,Apertis,0.07
2025-02-10,os,FreedomBox,0.07
2025-02-10,os,Repetier-Server,0.07
2025-02-10,os,Falcon Player (FPP),0.06
2025-02-10,os,LoLaOS,0.05
2025-02-10,os,"SimplyPrint - 3D print anywhere, smarter",0.05
2025-02-10,os,Yodeck Digital Signage,0.05
2025-02-10,os,VEX Tournament Manager,0.04
2025-02-10,os,Gladys Assistant,0.04
2025-02-10,os,MoodleBox,0.03
2025-02-10,os,info-beamer digital signage,0.03
2025-02-10,os,piCorePlayer Test Images,0.03
2025-02-10,os,Bass ARM (Android),0.03
2025-02-10,os,3DPrinterOS,0.02
2025-02-10,os,Screenly Digital Signage,0.02
2025-02-10,os,nymea,0.02
2025-02-10,os,TLXOS,0.02
2025-02-10,os,Web3 Pi,0.02
2025-02-10,os,PrintWatch OS,0.01
2025-02-10,os,RaspberryMatic Nightly Snapshots,0.01
2025-02-10,os,XOGO Digital Signage,0.01
2025-02-10,host_arch,x86_64,82.12
2025-02-10,host_arch,arm64,17.47
2025-02-10,host_arch,arm,0.22
2025-02-10,host_arch,i386,0.18
2025-02-10,locale,en_US,33.19
2025-02-10,locale,de_DE,13.12
2025-02-10,locale,en_GB,8.91
2025-02-10,locale,fr_FR,4.75
2025-02-10,locale,zh_CN,2.84
2025-02-10,locale,en_IN,2.79
2025-02-10,locale,ja_JP,2.66
2025-02-10,locale,es_ES,2.29
2025-02-10,locale,ru_RU,2.29
2025-02-10,locale,it_IT,2.22
2025-02-10,locale,en,1.91
2025-02-10,locale,en_CA,1.84
2025-02-10,locale,en_AU,1.79
2025-02-10,locale,pl_PL,1.71
2025-02-10,locale,nl_NL,1.65
2025-02-10,locale,pt_BR,1.57
2025-02-10,locale,ko_KR,1.02
2025-02-10,locale,de_AT,0.99
2025-02-10,locale,cs_CZ,0.86
2025-02-10,locale,tr_TR,0.85
2025-02-10,locale,sv_SE,0.81
2025-02-10,locale,de_CH,0.71
2025-02-10,locale,es_MX,0.61
2025-02-10,locale,en_DE,0.51
2025-02-10,locale,zh_TW,0.51
2025-02-10,locale,hu_HU,0.49
2025-02-10,locale,en_NL,0.49
2025-02-10,locale,da_DK,0.45
2025-02-10,locale,en_ZA,0.44
2025-02-10,locale,pt_PT,0.44
2025-02-10,locale,nl_BE,0.39
2025-02-10,locale,nb_NO,0.33
2025-02-10,locale,en_NZ,0.32
2025-02-10,locale,th_TH,0.29
2025-02-10,locale,uk_UA,0.29
2025-02-10,locale,fr_CA,0.29
2025-02-10,locale,es_AR,0.28
2025-02-10,locale,fr_BE,0.27
2025-02-10,locale,sk_SK,0.26
2025-02-10,locale,en_PH,0.26
2025-02-10,locale,fi_FI,0.24
2025-02-10,locale,en_SE,0.24
2025-02-10,locale,en_IE,0.24
2025-02-10,locale,fr_CH,0.23
2025-02-10,locale,de,0.22
2025-02-10,locale,el_GR,0.20
2025-02-10,locale,en_SG,0.20
2025-02-10,locale,en_ID,0.19
2025-02-10,locale,en_MY,0.19
2025-02-10,locale,es_CO,0.18
2025-02-10,locale,en_DK,0.18
2025-03-19,os,Raspberry Pi OS (64-bit),33.49
2025-03-19,os,Raspberry Pi OS (other),20.89
2025-03-19,os,Ubuntu,10.23
2025-03-19,os,Raspberry Pi OS (32-bit),7.50
2025-03-19,os,Home Assistant,7.23
2025-03-19,os,"Raspberry Pi OS (Legacy, 32-bit)",2.24
2025-03-19,os,Recalbox,1.98
2025-03-19,os,RetroPie,1.91
2025-03-19,os,Bootloader (Pi 4 family),1.72
2025-03-19,os,OctoPi,1.48
2025-03-19,os,Bootloader (Pi 5 family),1.46
2025-03-19,os,Kali Linux,1.30
2025-03-19,os,LibreELEC,1.07
2025-03-19,os,Mainsail OS,1.06
2025-03-19,os,PINN,0.85
2025-03-19,os,Android by emteria,0.57
2025-03-19,os,Alpine Linux,0.51
2025-03-19,os,Volumio,0.49
2025-03-19,os,moOde audio player,0.48
2025-03-19,os,FullPageOS,0.45
2025-03-19,os,Homebridge,0.45
2025-03-19,os,piCorePlayer,0.32
2025-03-19,os,OSMC,0.30
2025-03-19,os,DAKboard,0.27
2025-03-19,os,Anthias,0.19
2025-03-19,os,OctoKlipperPi,0.19
2025-03-19,os,openHAB,0.18
2025-03-19,os,RISC OS Pi,0.17
2025-03-19,os,Bass ARM (Android),0.15
2025-03-19,os,Ultramarine Linux,0.15
2025-03-19,os,RaspberryMatic,0.10
2025-03-19,os,"SimplyPrint - 3D print anywhere, smarter",0.07
2025-03-19,os,FreedomBox,0.06
2025-03-19,os,Apertis,0.06
2025-03-19,os,Repetier-Server,0.05
2025-03-19,os,Falcon Player (FPP),0.05
2025-03-19,os,Yodeck Digital Signage,0.04
2025-03-19,os,LoLaOS,0.04
2025-03-19,os,MoodleBox,0.03
2025-03-19,os,info-beamer digital signage,0.03
2025-03-19,os,SatNOGS,0.03
2025-03-19,os,Gladys Assistant,0.03
2025-03-19,os,TLXOS,0.02
2025-03-19,os,VEX Tournament Manager,0.02
2025-03-19,os,3DPrinterOS,0.02
2025-03-19,os,Screenly Digital Signage,0.02
2025-03-19,os,nymea,0.02
2025-03-19,os,DuetPi,0.01
2025-03-19,os,PrintWatch OS,0.01
2025-03-19,os,Web3 Pi,0.01
2025-03-19,os,Linutop OS,0.01
2025-03-19,host_arch,x86_64,82.48
2025-03-19,host_arch,arm64,17.10
2025-03-19,host_arch,arm,0.22
2025-03-19,host_arch,i386,0.19
2025-03-19,locale,en_US,33.08
2025-03-19,locale,de_DE,11.37
2025-03-19,locale,en_GB,8.58
2025-03-19,locale,zh_CN,4.59
2025-03-19,locale,fr_FR,4.53
2025-03-19,locale,en_IN,3.24
2025-03-19,locale,ja_JP,2.62
2025-03-19,locale,ru_RU,2.27
2025-03-19,locale,es_ES,2.25
2025-03-19,locale,it_IT,2.18
2025-03-19,locale,en,2.03
2025-03-19,locale,en_AU,1.88
2025-03-19,locale,en_CA,1.75
2025-03-19,locale,pt_BR,1.67
2025-03-19,locale,pl_PL,1.56
2025-03-19,locale,ko_KR,1.53
2025-03-19,locale,nl_NL,1.51
2025-03-19,locale,de_AT,0.89
2025-03-19,locale,tr_TR,0.88
2025-03-19,locale,cs_CZ,0.80
2025-03-19,locale,zh_TW,0.77
2025-03-19,locale,de_CH,0.69
2025-03-19,locale,es_MX,0.68
2025-03-19,locale,sv_SE,0.65
2025-03-19,locale,en_NL,0.50
2025-03-19,locale,pt_PT,0.46
2025-03-19,locale,en_ZA,0.46
2025-03-19,locale,en_DE,0.45
2025-03-19,locale,hu_HU,0.43
2025-03-19,locale,da_DK,0.41
2025-03-19,locale,nl_BE,0.35
2025-03-19,locale,nb_NO,0.33
2025-03-19,locale,en_PH,0.32
2025-03-19,locale,es_AR,0.30
2025-03-19,locale,en_NZ,0.29
2025-03-19,locale,uk_UA,0.28
2025-03-19,locale,sk_SK,0.27
2025-03-19,locale,th_TH,0.26
2025-03-19,locale,fr_CA,0.26
2025-03-19,locale,es_CO,0.25
2025-03-19,locale,de,0.24
2025-03-19,locale,fr_BE,0.23
2025-03-19,locale,fi_FI,0.23
2025-03-19,locale,en_MY,0.23
2025-03-19,locale,en_ID,0.22
2025-03-19,locale,en_SE,0.22
2025-03-19,locale,fr_CH,0.22
2025-03-19,locale,el_GR,0.22
2025-03-19,locale,en_SG,0.21
2025-03-19,locale,es_CL,0.19
2025-03-19,locale,en_IE,0.19
2025-04-16,os,Raspberry Pi OS (64-bit),33.03
2025-04-16,os,Raspberry Pi OS (other),20.64
2025-04-16,os,Ubuntu,10.29
2025-04-16,os,Home Assistant,7.81
2025-04-16,os,Raspberry Pi OS (32-bit),7.77
2025-04-16,os,"Raspberry Pi OS (Legacy, 32-bit)",2.06
2025-04-16,os,Recalbox,1.95
2025-04-16,os,RetroPie,1.86
2025-04-16,os,Bootloader (Pi 4 family),1.73
2025-04-16,os,Bootloader (Pi 5 family),1.63
2025-04-16,os,OctoPi,1.43
2025-04-16,os,Kali Linux,1.32
2025-04-16,os,Mainsail OS,1.03
2025-04-16,os,LibreELEC,1.00
2025-04-16,os,PINN,0.76
2025-04-16,os,Android by emteria,0.53
2025-04-16,os,Alpine Linux,0.50
2025-04-16,os,Volumio,0.50
2025-04-16,os,moOde audio player,0.47
2025-04-16,os,FullPageOS,0.43
2025-04-16,os,Homebridge,0.43
2025-04-16,os,DAKboard,0.29
2025-04-16,os,piCorePlayer,0.29
2025-04-16,os,OSMC,0.29
2025-04-16,os,Armbian OS,0.28
2025-04-16,os,Anthias,0.19
2025-04-16,os,OctoKlipperPi,0.18
2025-04-16,os,RISC OS Pi,0.17
2025-04-16,os,openHAB,0.17
2025-04-16,os,Ultramarine Linux,0.14
2025-04-16,os,Bass ARM (Android),0.13
2025-04-16,os,RaspberryMatic,0.10
2025-04-16,os,FreedomBox,0.07
2025-04-16,os,Apertis,0.06
2025-04-16,os,"SimplyPrint - 3D print anywhere, smarter",0.06
2025-04-16,os,Repetier-Server,0.05
2025-04-16,os,LoLaOS,0.04
2025-04-16,os,MoodleBox,0.04
2025-04-16,os,Yodeck Digital Signage,0.04
2025-04-16,os,Falcon Player (FPP),0.04
2025-04-16,os,SatNOGS,0.03
2025-04-16,os,info-beamer digital signage,0.03
2025-04-16,os,Gladys Assistant,0.03
2025-04-16,os,3DPrinterOS,0.02
2025-04-16,os,TLXOS,0.01
2025-04-16,os,nymea,0.01
2025-04-16,os,Web3 Pi,0.01
2025-04-16,os,Linutop OS,0.01
2025-04-16,os,Screenly Digital Signage,0.01
2025-04-16,os,PrintWatch OS,0.01
2025-04-16,os,VEX Tournament Manager,0.01
2025-04-16,host_arch,x86_64,82.66
2025-04-16,host_arch,arm64,16.96
2025-04-16,host_arch,arm,0.20
2025-04-16,host_arch,i386,0.18
2025-04-16,locale,en_US,32.90
2025-04-16,locale,de_DE,11.14
2025-04-16,locale,en_GB,8.11
2025-04-16,locale,zh_CN,4.74
2025-04-16,locale,fr_FR,4.47
2025-04-16,locale,en_IN,3.62
2025-04-16,locale,ja_JP,2.77
2025-04-16,locale,es_ES,2.36
2025-04-16,locale,ru_RU,2.36
2025-04-16,locale,it_IT,2.15
2025-04-16,locale,en,2.02
2025-04-16,locale,en_AU,1.84
2025-04-16,locale,pt_BR,1.79
2025-04-16,locale,en_CA,1.73
2025-04-16,locale,ko_KR,1.70
2025-04-16,locale,pl_PL,1.54
2025-04-16,locale,nl_NL,1.42
2025-04-16,locale,de_AT,0.87
2025-04-16,locale,tr_TR,0.82
2025-04-16,locale,cs_CZ,0.78
2025-04-16,locale,es_MX,0.74
2025-04-16,locale,zh_TW,0.69
2025-04-16,locale,de_CH,0.68
2025-04-16,locale,sv_SE,0.65
2025-04-16,locale,pt_PT,0.51
2025-04-16,locale,en_NL,0.47
2025-04-16,locale,en_DE,0.47
2025-04-16,locale,en_ZA,0.46
2025-04-16,locale,hu_HU,0.42
2025-04-16,locale,da_DK,0.41
2025-04-16,locale,nl_BE,0.37
2025-04-16,locale,es_AR,0.35
2025-04-16,locale,en_PH,0.35
2025-04-16,locale,uk_UA,0.34
2025-04-16,locale,en_NZ,0.29
2025-04-16,locale,nb_NO,0.29
2025-04-16,locale,fr_CA,0.27
2025-04-16,locale,es_CO,0.26
2025-04-16,locale,sk_SK,0.26
2025-04-16,locale,es_CL,0.25
2025-04-16,locale,en_SE,0.24
2025-04-16,locale,de,0.24
2025-04-16,locale,fr_BE,0.24
2025-04-16,locale,fi_FI,0.22
2025-04-16,locale,th_TH,0.21
2025-04-16,locale,en_MY,0.21
2025-04-16,locale,fr_CH,0.21
2025-04-16,locale,en_ID,0.21
2025-04-16,locale,en_SG,0.20
2025-04-16,locale,el_GR,0.20
2025-04-16,locale,en_IE,0.19
2025-04-23,os,Raspberry Pi OS (64-bit),32.76
2025-04-23,os,Raspberry Pi OS (other),20.70
2025-04-23,os,Ubuntu,10.38
2025-04-23,os,Raspberry Pi OS (32-bit),7.85
2025-04-23,os,Home Assistant,7.62
2025-04-23,os,"Raspberry Pi OS (Legacy, 32-bit)",2.04
2025-04-23,os,Recalbox,1.98
2025-04-23,os,RetroPie,1.87
2025-04-23,os,Bootloader (Pi 4 family),1.77
2025-04-23,os,Bootloader (Pi 5 family),1.65
2025-04-23,os,OctoPi,1.47
2025-04-23,os,Kali Linux,1.31
2025-04-23,os,Mainsail OS,1.07
2025-04-23,os,LibreELEC,1.02
2025-04-23,os,PINN,0.75
2025-04-23,os,Android by emteria,0.52
2025-04-23,os,Volumio,0.50
2025-04-23,os,Alpine Linux,0.48
2025-04-23,os,moOde audio player,0.46
2025-04-23,os,Armbian OS,0.43
2025-04-23,os,Homebridge,0.42
2025-04-23,os,FullPageOS,0.40
2025-04-23,os,piCorePlayer,0.30
2025-04-23,os,DAKboard,0.29
2025-04-23,os,OSMC,0.29
2025-04-23,os,OctoKlipperPi,0.18
2025-04-23,os,Anthias,0.17
2025-04-23,os,openHAB,0.17
2025-04-23,os,RISC OS Pi,0.17
2025-04-23,os,Ultramarine Linux,0.14
2025-04-23,os,Bass ARM (Android),0.13
2025-04-23,os,RaspberryMatic,0.09
2025-04-23,os,FreedomBox,0.07
2025-04-23,os,"SimplyPrint - 3D print anywhere, smarter",0.06
2025-04-23,os,Apertis,0.06
2025-04-23,os,Repetier-Server,0.06
2025-04-23,os,LoLaOS,0.04
2025-04-23,os,MoodleBox,0.04
2025-04-23,os,Yodeck Digital Signage,0.04
2025-04-23,os,Falcon Player (FPP),0.04
2025-04-23,os,SatNOGS,0.03
2025-04-23,os,info-beamer digital signage,0.03
2025-04-23,os,Gladys Assistant,0.03
2025-04-23,os,3DPrinterOS,0.02
2025-04-23,os,ADS-B Feeder Image,0.01
2025-04-23,os,nymea,0.01
2025-04-23,os,TLXOS,0.01
2025-04-23,os,Web3 Pi,0.01
2025-04-23,os,Screenly Digital Signage,0.01
2025-04-23,os,DuetPi,0.01
2025-04-23,os,PrintWatch OS,0.01
2025-04-23,host_arch,x86_64,82.55
2025-04-23,host_arch,arm64,17.08
2025-04-23,host_arch,arm,0.19
2025-04-23,host_arch,i386,0.18
2025-04-23,locale,en_US,32.87
2025-04-23,locale,de_DE,11.22
2025-04-23,locale,en_GB,8.12
2025-04-23,locale,zh_CN,4.74
2025-04-23,locale,fr_FR,4.47
2025-04-23,locale,en_IN,3.64
2025-04-23,locale,ja_JP,2.85
2025-04-23,locale,es_ES,2.35
2025-04-23,locale,ru_RU,2.33
2025-04-23,locale,it_IT,2.09
2025-04-23,locale,en,2.05
2025-04-23,locale,en_AU,1.85
2025-04-23,locale,pt_BR,1.78
2025-04-23,locale,en_CA,1.73
2025-04-23,locale,ko_KR,1.57
2025-04-23,locale,pl_PL,1.49
2025-04-23,locale,nl_NL,1.41
2025-04-23,locale,tr_TR,0.86
2025-04-23,locale,de_AT,0.86
2025-04-23,locale,cs_CZ,0.76
2025-04-23,locale,es_MX,0.74
2025-04-23,locale,de_CH,0.72
2025-04-23,locale,zh_TW,0.68
2025-04-23,locale,sv_SE,0.66
2025-04-23,locale,pt_PT,0.51
2025-04-23,locale,en_ZA,0.48
2025-04-23,locale,en_DE,0.47
2025-04-23,locale,en_NL,0.47
2025-04-23,locale,da_DK,0.43
2025-04-23,locale,hu_HU,0.41
2025-04-23,locale,es_AR,0.39
2025-04-23,locale,nl_BE,0.37
2025-04-23,locale,uk_UA,0.34
2025-04-23,locale,en_PH,0.33
2025-04-23,locale,en_NZ,0.32
2025-04-23,locale,nb_NO,0.29
2025-04-23,locale,fr_CA,0.27
2025-04-23,locale,es_CL,0.26
2025-04-23,locale,es_CO,0.25
2025-04-23,locale,sk_SK,0.25
2025-04-23,locale,de,0.24
2025-04-23,locale,fr_BE,0.23
2025-04-23,locale,en_SE,0.23
2025-04-23,locale,en_MY,0.22
2025-04-23,locale,fi_FI,0.21
2025-04-23,locale,en_IE,0.20
2025-04-23,locale,en_SG,0.20
2025-04-23,locale,th_TH,0.20
2025-04-23,locale,fr_CH,0.19
2025-04-23,locale,en_ID,0.19
2025-04-23,locale,el_GR,0.19
2025-05-22,os,Raspberry Pi OS (64-bit),35.11
2025-05-22,os,Raspberry Pi OS (other),21.76
2025-05-22,os,Ubuntu,9.45
2025-05-22,os,Raspberry Pi OS (32-bit),8.04
2025-05-22,os,Home Assistant,6.27
2025-05-22,os,"Raspberry Pi OS (Legacy, 32-bit)",2.07
2025-05-22,os,OctoPi,1.98
2025-05-22,os,Recalbox,1.80
2025-05-22,os,RetroPie,1.69
2025-05-22,os,Bootloader (Pi 4 family),1.56
2025-05-22,os,Bootloader (Pi 5 family),1.38
2025-05-22,os,Kali Linux,1.17
2025-05-22,os,Mainsail OS,0.94
2025-05-22,os,LibreELEC,0.93
2025-05-22,os,PINN,0.68
2025-05-22,os,Armbian OS,0.53
2025-05-22,os,Volumio,0.46
2025-05-22,os,Android by emteria,0.45
2025-05-22,os,Alpine Linux,0.43
2025-05-22,os,moOde audio player,0.37
2025-05-22,os,Homebridge,0.36
2025-05-22,os,FullPageOS,0.31
2025-05-22,os,DAKboard,0.30
2025-05-22,os,piCorePlayer,0.29
2025-05-22,os,OSMC,0.26
2025-05-22,os,Anthias,0.15
2025-05-22,os,OctoKlipperPi,0.15
2025-05-22,os,openHAB,0.14
2025-05-22,os,RISC OS Pi,0.14
2025-05-22,os,Bass ARM (Android),0.12
2025-05-22,os,Ultramarine Linux,0.11
2025-05-22,os,RaspberryMatic,0.07
2025-05-22,os,Repetier-Server,0.07
2025-05-22,os,FreedomBox,0.06
2025-05-22,os,Yodeck Digital Signage,0.04
2025-05-22,os,"SimplyPrint - 3D print anywhere, smarter",0.04
2025-05-22,os,LoLaOS,0.04
2025-05-22,os,Apertis,0.04
2025-05-22,os,Falcon Player (FPP),0.04
2025-05-22,os,SatNOGS,0.03
2025-05-22,os,MoodleBox,0.03
2025-05-22,os,ADS-B Feeder Image,0.03
2025-05-22,os,info-beamer digital signage,0.02
2025-05-22,os,Gladys Assistant,0.02
2025-05-22,os,3DPrinterOS,0.02
2025-05-22,os,TLXOS,0.02
2025-05-22,os,Screenly Digital Signage,0.01
2025-05-22,os,Web3 Pi,0.01
2025-05-22,os,DuetPi,0.01
2025-05-22,os,nymea,0.01
2025-05-22,os,PrintWatch OS,0.01
2025-05-22,host_arch,x86_64,82.54
2025-05-22,host_arch,arm64,17.09
2025-05-22,host_arch,i386,0.19
2025-05-22,host_arch,arm,0.18
2025-05-22,locale,en_US,33.32
2025-05-22,locale,de_DE,10.33
2025-05-22,locale,en_GB,8.14
2025-05-22,locale,fr_FR,4.63
2025-05-22,locale,zh_CN,4.22
2025-05-22,locale,ja_JP,3.32
2025-05-22,locale,en_IN,3.26
2025-05-22,locale,es_ES,2.32
2025-05-22,locale,ru_RU,2.13
2025-05-22,locale,en_AU,2.02
2025-05-22,locale,it_IT,1.99
2025-05-22,locale,ko_KR,1.97
2025-05-22,locale,pt_BR,1.88
2025-05-22,locale,en,1.85
2025-05-22,locale,en_CA,1.67
2025-05-22,locale,pl_PL,1.55
2025-05-22,locale,nl_NL,1.43
2025-05-22,locale,tr_TR,1.15
2025-05-22,locale,de_AT,0.83
2025-05-22,locale,zh_TW,0.78
2025-05-22,locale,cs_CZ,0.78
2025-05-22,locale,es_MX,0.76
2025-05-22,locale,de_CH,0.74
2025-05-22,locale,sv_SE,0.65
2025-05-22,locale,en_ZA,0.53
2025-05-22,locale,en_DE,0.48
2025-05-22,locale,en_NL,0.48
2025-05-22,locale,pt_PT,0.46
2025-05-22,locale,es_AR,0.43
2025-05-22,locale,da_DK,0.39
2025-05-22,locale,hu_HU,0.38
2025-05-22,locale,nl_BE,0.35
2025-05-22,locale,en_NZ,0.34
2025-05-22,locale,uk_UA,0.32
2025-05-22,locale,en_PH,0.30
2025-05-22,locale,nb_NO,0.29
2025-05-22,locale,en_ID,0.28
2025-05-22,locale,es_CO,0.28
2025-05-22,locale,es_CL,0.28
2025-05-22,locale,en_MY,0.27
2025-05-22,locale,fr_CA,0.25
2025-05-22,locale,en_SG,0.24
2025-05-22,locale,de,0.24
2025-05-22,locale,sk_SK,0.23
2025-05-22,locale,en_SE,0.23
2025-05-22,locale,th_TH,0.22
2025-05-22,locale,fr_BE,0.22
2025-05-22,locale,fi_FI,0.21
2025-05-22,locale,el_GR,0.20
2025-05-22,locale,en_IE,0.20
2025-05-22,locale,fr_CH,0.20
2025-06-17,os,Raspberry Pi OS (64-bit),34.11
2025-06-17,os,Raspberry Pi OS (other),21.88
2025-06-17,os,Ubuntu,9.86
2025-06-17,os,Raspberry Pi OS (32-bit),7.80
2025-06-17,os,Home Assistant,6.28
2025-06-17,os,OctoPi,2.00
2025-06-17,os,"Raspberry Pi OS (Legacy, 32-bit)",1.98
2025-06-17,os,Recalbox,1.89
2025-06-17,os,RetroPie,1.83
2025-06-17,os,Bootloader (Pi 4 family),1.54
2025-06-17,os,Bootloader (Pi 5 family),1.32
2025-06-17,os,Mainsail OS,1.22
2025-06-17,os,Kali Linux,1.11
2025-06-17,os,LibreELEC,0.97
2025-06-17,os,PINN,0.69
2025-06-17,os,Armbian OS,0.65
2025-06-17,os,Android by emteria,0.51
2025-06-17,os,Volumio,0.47
2025-06-17,os,Alpine Linux,0.44
2025-06-17,os,moOde audio player,0.39
2025-06-17,os,Homebridge,0.36
2025-06-17,os,FullPageOS,0.31
2025-06-17,os,piCorePlayer,0.29
2025-06-17,os,OSMC,0.29
2025-06-17,os,DAKboard,0.28
2025-06-17,os,OctoKlipperPi,0.18
2025-06-17,os,Anthias,0.17
2025-06-17,os,RISC OS Pi,0.16
2025-06-17,os,openHAB,0.13
2025-06-17,os,Ultramarine Linux,0.12
2025-06-17,os,Bass ARM (Android),0.12
2025-06-17,os,RaspberryMatic,0.09
2025-06-17,os,FreedomBox,0.07
2025-06-17,os,Falcon Player (FPP),0.05
2025-06-17,os,"SimplyPrint - 3D print anywhere, smarter",0.05
2025-06-17,os,Repetier-Server,0.05
2025-06-17,os,Apertis,0.05
2025-06-17,os,LoLaOS,0.04
2025-06-17,os,Yodeck Digital Signage,0.04
2025-06-17,os,MoodleBox,0.03
2025-06-17,os,ADS-B Feeder Image,0.03
2025-06-17,os,SatNOGS,0.02
2025-06-17,os,info-beamer digital signage,0.02
2025-06-17,os,Gladys Assistant,0.02
2025-06-17,os,TLXOS,0.02
2025-06-17,os,3DPrinterOS,0.02
2025-06-17,os,nymea,0.01
2025-06-17,os,DuetPi,0.01
2025-06-17,os,Web3 Pi,0.01
2025-06-17,os,VEX Tournament Manager,0.01
2025-06-17,os,Screenly Digital Signage,0.01
2025-06-17,host_arch,x86_64,82.76
2025-06-17,host_arch,arm64,16.94
2025-06-17,host_arch,arm,0.16
2025-06-17,host_arch,i386,0.14
2025-06-17,locale,en_US,34.02
2025-06-17,locale,de_DE,10.58
2025-06-17,locale,en_GB,8.49
2025-06-17,locale,fr_FR,4.38
2025-06-17,locale,zh_CN,3.93
2025-06-17,locale,ja_JP,3.27
2025-06-17,locale,en_IN,3.23
2025-06-17,locale,es_ES,2.11
2025-06-17,locale,en_AU,2.05
2025-06-17,locale,pt_BR,2.04
2025-06-17,locale,ru_RU,1.99
2025-06-17,locale,en,1.85
2025-06-17,locale,it_IT,1.83
2025-06-17,locale,en_CA,1.69
2025-06-17,locale,ko_KR,1.64
2025-06-17,locale,nl_NL,1.51
2025-06-17,locale,pl_PL,1.49
2025-06-17,locale,tr_TR,0.98
2025-06-17,locale,es_MX,0.79
2025-06-17,locale,de_AT,0.79
2025-06-17,locale,cs_CZ,0.76
2025-06-17,locale,zh_TW,0.72
2025-06-17,locale,sv_SE,0.69
2025-06-17,locale,de_CH,0.67
2025-06-17,locale,en_ZA,0.52
2025-06-17,locale,en_NL,0.47
2025-06-17,locale,es_AR,0.46
2025-06-17,locale,en_DE,0.45
2025-06-17,locale,pt_PT,0.45
2025-06-17,locale,da_DK,0.41
2025-06-17,locale,en_NZ,0.39
2025-06-17,locale,nl_BE,0.39
2025-06-17,locale,hu_HU,0.38
2025-06-17,locale,uk_UA,0.36
2025-06-17,locale,en_ID,0.32
2025-06-17,locale,es_CL,0.31
2025-06-17,locale,en_MY,0.30
2025-06-17,locale,th_TH,0.29
2025-06-17,locale,nb_NO,0.29
2025-06-17,locale,es_CO,0.28
2025-06-17,locale,en_PH,0.26
2025-06-17,locale,fr_CA,0.25
2025-06-17,locale,en_SE,0.24
2025-06-17,locale,en_SG,0.23
2025-06-17,locale,sk_SK,0.23
2025-06-17,locale,fr_BE,0.22
2025-06-17,locale,de,0.21
2025-06-17,locale,el_GR,0.20
2025-06-17,locale,en_BE,0.20
2025-06-17,locale,en_IE,0.20
2025-06-17,locale,fi_FI,0.18
2025-07-22,os,Raspberry Pi OS (64-bit),33.68
2025-07-22,os,Raspberry Pi OS (other),22.97
2025-07-22,os,Ubuntu,9.68
2025-07-22,os,Raspberry Pi OS (32-bit),7.29
2025-07-22,os,Home Assistant,6.94
2025-07-22,os,Recalbox,1.86
2025-07-22,os,RetroPie,1.76
2025-07-22,os,"Raspberry Pi OS (Legacy, 32-bit)",1.74
2025-07-22,os,OctoPi,1.64
2025-07-22,os,Bootloader (Pi 5 family),1.58
2025-07-22,os,Bootloader (Pi 4 family),1.57
2025-07-22,os,Mainsail OS,1.22
2025-07-22,os,Kali Linux,1.14
2025-07-22,os,LibreELEC,0.94
2025-07-22,os,PINN,0.68
2025-07-22,os,Armbian OS,0.57
2025-07-22,os,Android by emteria,0.56
2025-07-22,os,Volumio,0.48
2025-07-22,os,Homebridge,0.44
2025-07-22,os,Alpine Linux,0.40
2025-07-22,os,moOde audio player,0.39
2025-07-22,os,DAKboard,0.26
2025-07-22,os,piCorePlayer,0.25
2025-07-22,os,OSMC,0.25
2025-07-22,os,FullPageOS,0.24
2025-07-22,os,openHAB,0.19
2025-07-22,os,Anthias,0.15
2025-07-22,os,OctoKlipperPi,0.15
2025-07-22,os,RISC OS Pi,0.14
2025-07-22,os,Bass ARM (Android),0.11
2025-07-22,os,Ultramarine Linux,0.10
2025-07-22,os,RaspberryMatic,0.08
2025-07-22,os,Falcon Player (FPP),0.07
2025-07-22,os,FreedomBox,0.05
2025-07-22,os,Apertis,0.04
2025-07-22,os,"SimplyPrint - 3D print anywhere, smarter",0.03
2025-07-22,os,SatNOGS,0.03
2025-07-22,os,LoLaOS,0.03
2025-07-22,os,ADS-B Feeder Image,0.03
2025-07-22,os,Yodeck Digital Signage,0.03
2025-07-22,os,MoodleBox,0.03
2025-07-22,os,Repetier-Server,0.03
2025-07-22,os,Gladys Assistant,0.02
2025-07-22,os,info-beamer digital signage,0.02
2025-07-22,os,TLXOS,0.02
2025-07-22,os,Screenly Digital Signage,0.02
2025-07-22,os,3DPrinterOS,0.02
2025-07-22,os,VEX Tournament Manager,0.01
2025-07-22,os,nymea,0.01
2025-07-22,os,PrintWatch OS,0.01
2025-07-22,os,Web3 Pi,0.01
2025-07-22,host_arch,x86_64,82.77
2025-07-22,host_arch,arm64,17.00
2025-07-22,host_arch,arm,0.17
2025-07-22,host_arch,i386,0.06
2025-07-22,locale,en_US,33.19
2025-07-22,locale,de_DE,10.31
2025-07-22,locale,en_GB,8.28
2025-07-22,locale,zh_CN,7.32
2025-07-22,locale,fr_FR,3.82
2025-07-22,locale,en_IN,3.58
2025-07-22,locale,ja_JP,2.82
2025-07-22,locale,en_AU,2.15
2025-07-22,locale,ru_RU,2.10
2025-07-22,locale,pt_BR,2.03
2025-07-22,locale,es_ES,1.95
2025-07-22,locale,it_IT,1.88
2025-07-22,locale,en,1.74
2025-07-22,locale,en_CA,1.64
2025-07-22,locale,pl_PL,1.43
2025-07-22,locale,ko_KR,1.42
2025-07-22,locale,nl_NL,1.34
2025-07-22,locale,tr_TR,0.82
2025-07-22,locale,de_AT,0.81
2025-07-22,locale,cs_CZ,0.69
2025-07-22,locale,de_CH,0.68
2025-07-22,locale,es_MX,0.67
2025-07-22,locale,zh_TW,0.67
2025-07-22,locale,sv_SE,0.65
2025-07-22,locale,en_ZA,0.57
2025-07-22,locale,en_DE,0.48
2025-07-22,locale,es_AR,0.46
2025-07-22,locale,en_NL,0.44
2025-07-22,locale,pt_PT,0.39
2025-07-22,locale,en_NZ,0.37
2025-07-22,locale,hu_HU,0.35
2025-07-22,locale,nl_BE,0.35
2025-07-22,locale,da_DK,0.33
2025-07-22,locale,en_ID,0.33
2025-07-22,locale,uk_UA,0.32
2025-07-22,locale,th_TH,0.31
2025-07-22,locale,nb_NO,0.28
2025-07-22,locale,es_CL,0.26
2025-07-22,locale,en_PH,0.26
2025-07-22,locale,es_CO,0.24
2025-07-22,locale,en_MY,0.24
2025-07-22,locale,en_SG,0.23
2025-07-22,locale,de,0.23
2025-07-22,locale,sk_SK,0.22
2025-07-22,locale,en_IE,0.22
2025-07-22,locale,en_SE,0.22
2025-07-22,locale,fr_BE,0.21
2025-07-22,locale,fr_CA,0.20
2025-07-22,locale,fi_FI,0.19
2025-07-22,locale,fr_CH,0.17
2025-07-22,locale,en_BE,0.17
2025-08-14,os,Raspberry Pi OS (64-bit),33.68
2025-08-14,os,Raspberry Pi OS (other),22.97
2025-08-14,os,Ubuntu,9.68
2025-08-14,os,Raspberry Pi OS (32-bit),7.29
2025-08-14,os,Home Assistant,6.94
2025-08-14,os,Recalbox,1.86
2025-08-14,os,RetroPie,1.76
2025-08-14,os,"Raspberry Pi OS (Legacy, 32-bit)",1.74
2025-08-14,os,OctoPi,1.64
2025-08-14,os,Bootloader (Pi 5 family),1.58
2025-08-14,os,Bootloader (Pi 4 family),1.57
2025-08-14,os,Mainsail OS,1.22
2025-08-14,os,Kali Linux,1.14
2025-08-14,os,LibreELEC,0.94
2025-08-14,os,PINN,0.68
2025-08-14,os,Armbian OS,0.57
2025-08-14,os,Android by emteria,0.56
2025-08-14,os,Volumio,0.48
2025-08-14,os,Homebridge,0.44
2025-08-14,os,Alpine Linux,0.40
2025-08-14,os,moOde audio player,0.39
2025-08-14,os,DAKboard,0.26
2025-08-14,os,piCorePlayer,0.25
2025-08-14,os,OSMC,0.25
2025-08-14,os,FullPageOS,0.24
2025-08-14,os,openHAB,0.19
2025-08-14,os,Anthias,0.15
2025-08-14,os,OctoKlipperPi,0.15
2025-08-14,os,RISC OS Pi,0.14
2025-08-14,os,Bass ARM (Android),0.11
2025-08-14,os,Ultramarine Linux,0.10
2025-08-14,os,RaspberryMatic,0.08
2025-08-14,os,Falcon Player (FPP),0.07
2025-08-14,os,FreedomBox,0.05
2025-08-14,os,Apertis,0.04
2025-08-14,os,"SimplyPrint - 3D print anywhere, smarter",0.03
2025-08-14,os,SatNOGS,0.03
2025-08-14,os,LoLaOS,0.03
2025-08-14,os,ADS-B Feeder Image,0.03
2025-08-14,os,Yodeck Digital Signage,0.03
2025-08-14,os,MoodleBox,0.03
2025-08-14,os,Repetier-Server,0.03
2025-08-14,os,Gladys Assistant,0.02
2025-08-14,os,info-beamer digital signage,0.02
2025-08-14,os,TLXOS,0.02
2025-08-14,os,Screenly Digital Signage,0.02
2025-08-14,os,3DPrinterOS,0.02
2025-08-14,os,VEX Tournament Manager,0.01
2025-08-14,os,nymea,0.01
2025-08-14,os,PrintWatch OS,0.01
2025-08-14,os,Web3 Pi,0.01
2025-08-14,host_arch,x86_64,82.77
2025-08-14,host_arch,arm64,17.00
2025-08-14,host_arch,arm,0.17
2025-08-14,host_arch,i386,0.06
2025-08-14,locale,en_US,33.19
2025-08-14,locale,de_DE,10.31
2025-08-14,locale,en_GB,8.28
2025-08-14,locale,zh_CN,7.32
2025-08-14,locale,fr_FR,3.82
2025-08-14,locale,en_IN,3.58
2025-08-14,locale,ja_JP,2.82
2025-08-14,locale,en_AU,2.15
2025-08-14,locale,ru_RU,2.10
2025-08-14,locale,pt_BR,2.03
2025-08-14,locale,es_ES,1.95
2025-08-14,locale,it_IT,1.88
2025-08-14,locale,en,1.74
2025-08-14,locale,en_CA,1.64
2025-08-14,locale,pl_PL,1.43
2025-08-14,locale,ko_KR,1.42
2025-08-14,locale,nl_NL,1.34
2025-08-14,locale,tr_TR,0.82
2025-08-14,locale,de_AT,0.81
2025-08-14,locale,cs_CZ,0.69
2025-08-14,locale,de_CH,0.68
2025-08-14,locale,es_MX,0.67
2025-08-14,locale,zh_TW,0.67
2025-08-14,locale,sv_SE,0.65
2025-08-14,locale,en_ZA,0.57
2025-08-14,locale,en_DE,0.48
2025-08-14,locale,es_AR,0.46
2025-08-14,locale,en_NL,0.44
2025-08-14,locale,pt_PT,0.39
2025-08-14,locale,en_NZ,0.37
2025-08-14,locale,hu_HU,0.35
2025-08-14,locale,nl_BE,0.35
2025-08-14,locale,da_DK,0.33
2025-08-14,locale,en_ID,0.33
2025-08-14,locale,uk_UA,0.32
2025-08-14,locale,th_TH,0.31
2025-08-14,locale,nb_NO,0.28
2025-08-14,locale,es_CL,0.26
2025-08-14,locale,en_PH,0.26
2025-08-14,locale,es_CO,0.24
2025-08-14,locale,en_MY,0.24
2025-08-14,locale,en_SG,0.23
2025-08-14,locale,de,0.23
2025-08-14,locale,sk_SK,0.22
2025-08-14,locale,en_IE,0.22
2025-08-14,locale,en_SE,0.22
2025-08-14,locale,fr_BE,0.21
2025-08-14,locale,fr_CA,0.20
2025-08-14,locale,fi_FI,0.19
2025-08-14,locale,fr_CH,0.17
2025-08-14,locale,en_BE,0.17
2025-09-06,os,Raspberry Pi OS (64-bit),33.10
2025-09-06,os,Raspberry Pi OS (other),23.45
2025-09-06,os,Ubuntu,9.27
2025-09-06,os,Raspberry Pi OS (32-bit),7.02
2025-09-06,os,Home Assistant,6.93
2025-09-06,os,Recalbox,1.85
2025-09-06,os,RetroPie,1.84
2025-09-06,os,Bootloader (Pi 4 family),1.75
2025-09-06,os,OctoPi,1.67
2025-09-06,os,"Raspberry Pi OS (Legacy, 32-bit)",1.66
2025-09-06,os,Bootloader (Pi 5 family),1.62
2025-09-06,os,Mainsail OS,1.30
2025-09-06,os,Kali Linux,1.18
2025-09-06,os,LibreELEC,1.03
2025-09-06,os,PINN,0.66
2025-09-06,os,Armbian OS,0.59
2025-09-06,os,Android by emteria,0.56
2025-09-06,os,Volumio,0.54
2025-09-06,os,moOde audio player,0.46
2025-09-06,os,Alpine Linux,0.44
2025-09-06,os,Homebridge,0.43
2025-09-06,os,DAKboard,0.29
2025-09-06,os,piCorePlayer,0.29
2025-09-06,os,OSMC,0.28
2025-09-06,os,FullPageOS,0.25
2025-09-06,os,Anthias,0.17
2025-09-06,os,openHAB,0.17
2025-09-06,os,OctoKlipperPi,0.16
2025-09-06,os,RISC OS Pi,0.14
2025-09-06,os,Bass ARM (Android),0.12
2025-09-06,os,Ultramarine Linux,0.10
2025-09-06,os,Falcon Player (FPP),0.09
2025-09-06,os,RaspberryMatic,0.08
2025-09-06,os,FreedomBox,0.06
2025-09-06,os,Apertis,0.05
2025-09-06,os,Yodeck Digital Signage,0.04
2025-09-06,os,ADS-B Feeder Image,0.04
2025-09-06,os,"SimplyPrint - 3D print anywhere, smarter",0.04
2025-09-06,os,LoLaOS,0.04
2025-09-06,os,MoodleBox,0.04
2025-09-06,os,SatNOGS,0.03
2025-09-06,os,Repetier-Server,0.03
2025-09-06,os,Gladys Assistant,0.02
2025-09-06,os,Screenly Digital Signage,0.02
2025-09-06,os,TLXOS,0.02
2025-09-06,os,info-beamer digital signage,0.02
2025-09-06,os,3DPrinterOS,0.02
2025-09-06,os,VEX Tournament Manager,0.02
2025-09-06,os,Web3 Pi,0.01
2025-09-06,os,nymea,0.01
2025-09-06,os,DuetPi,0.01
2025-09-06,host_arch,x86_64,82.27
2025-09-06,host_arch,arm64,17.53
2025-09-06,host_arch,arm,0.15
2025-09-06,host_arch,i386,0.05
2025-09-06,locale,en_US,33.91
2025-09-06,locale,de_DE,10.50
2025-09-06,locale,en_GB,8.51
2025-09-06,locale,zh_CN,5.15
2025-09-06,locale,fr_FR,4.14
2025-09-06,locale,en_IN,3.45
2025-09-06,locale,ja_JP,2.75
2025-09-06,locale,ru_RU,2.27
2025-09-06,locale,pt_BR,2.08
2025-09-06,locale,en_AU,2.08
2025-09-06,locale,es_ES,2.01
2025-09-06,locale,it_IT,1.91
2025-09-06,locale,en,1.73
2025-09-06,locale,en_CA,1.60
2025-09-06,locale,pl_PL,1.42
2025-09-06,locale,nl_NL,1.42
2025-09-06,locale,ko_KR,1.41
2025-09-06,locale,tr_TR,0.87
2025-09-06,locale,de_AT,0.76
2025-09-06,locale,de_CH,0.75
2025-09-06,locale,sv_SE,0.74
2025-09-06,locale,es_MX,0.72
2025-09-06,locale,cs_CZ,0.68
2025-09-06,locale,zh_TW,0.60
2025-09-06,locale,en_ZA,0.56
2025-09-06,locale,en_DE,0.50
2025-09-06,locale,en_NL,0.48
2025-09-06,locale,es_AR,0.46
2025-09-06,locale,en_NZ,0.40
2025-09-06,locale,hu_HU,0.38
2025-09-06,locale,da_DK,0.38
2025-09-06,locale,nb_NO,0.36
2025-09-06,locale,uk_UA,0.36
2025-09-06,locale,pt_PT,0.35
2025-09-06,locale,nl_BE,0.34
2025-09-06,locale,en_PH,0.33
2025-09-06,locale,en_ID,0.31
2025-09-06,locale,th_TH,0.30
2025-09-06,locale,es_CL,0.29
2025-09-06,locale,es_CO,0.28
2025-09-06,locale,en_MY,0.26
2025-09-06,locale,fr_CA,0.25
2025-09-06,locale,de,0.24
2025-09-06,locale,en_SE,0.23
2025-09-06,locale,en_SG,0.23
2025-09-06,locale,fi_FI,0.22
2025-09-06,locale,sk_SK,0.22
2025-09-06,locale,fr_CH,0.21
2025-09-06,locale,fr_BE,0.21
2025-09-06,locale,en_IE,0.21
2025-09-06,locale,en_BE,0.18
2025-09-12,os,Raspberry Pi OS (64-bit),33.14
2025-09-12,os,Raspberry Pi OS (other),23.39
2025-09-12,os,Ubuntu,9.33
2025-09-12,os,Raspberry Pi OS (32-bit),7.03
2025-09-12,os,Home Assistant,6.88
2025-09-12,os,Recalbox,1.80
2025-09-12,os,RetroPie,1.79
2025-09-12,os,Bootloader (Pi 4 family),1.76
2025-09-12,os,OctoPi,1.72
2025-09-12,os,"Raspberry Pi OS (Legacy, 32-bit)",1.68
2025-09-12,os,Bootloader (Pi 5 family),1.62
2025-09-12,os,Mainsail OS,1.33
2025-09-12,os,Kali Linux,1.19
2025-09-12,os,LibreELEC,1.02
2025-09-12,os,PINN,0.67
2025-09-12,os,Armbian OS,0.59
2025-09-12,os,Android by emteria,0.57
2025-09-12,os,Volumio,0.52
2025-09-12,os,Alpine Linux,0.45
2025-09-12,os,moOde audio player,0.43
2025-09-12,os,Homebridge,0.42
2025-09-12,os,piCorePlayer,0.29
2025-09-12,os,OSMC,0.29
2025-09-12,os,DAKboard,0.29
2025-09-12,os,FullPageOS,0.26
2025-09-12,os,Anthias,0.18
2025-09-12,os,OctoKlipperPi,0.17
2025-09-12,os,openHAB,0.17
2025-09-12,os,RISC OS Pi,0.13
2025-09-12,os,Ultramarine Linux,0.11
2025-09-12,os,Bass ARM (Android),0.11
2025-09-12,os,Falcon Player (FPP),0.09
2025-09-12,os,RaspberryMatic,0.08
2025-09-12,os,FreedomBox,0.07
2025-09-12,os,Apertis,0.05
2025-09-12,os,Yodeck Digital Signage,0.04
2025-09-12,os,"SimplyPrint - 3D print anywhere, smarter",0.04
2025-09-12,os,ADS-B Feeder Image,0.04
2025-09-12,os,MoodleBox,0.04
2025-09-12,os,LoLaOS,0.03
2025-09-12,os,Repetier-Server,0.03
2025-09-12,os,SatNOGS,0.02
2025-09-12,os,Gladys Assistant,0.02
2025-09-12,os,Screenly Digital Signage,0.02
2025-09-12,os,TLXOS,0.02
2025-09-12,os,VEX Tournament Manager,0.02
2025-09-12,os,info-beamer digital signage,0.02
2025-09-12,os,3DPrinterOS,0.01
2025-09-12,os,Web3 Pi,0.01
2025-09-12,os,nymea,0.01
2025-09-12,os,DuetPi,0.01
2025-09-12,host_arch,x86_64,82.44
2025-09-12,host_arch,arm64,17.37
2025-09-12,host_arch,arm,0.14
2025-09-12,host_arch,i386,0.05
2025-09-12,locale,en_US,33.60
2025-09-12,locale,de_DE,10.65
2025-09-12,locale,en_GB,8.43
2025-09-12,locale,zh_CN,4.72
2025-09-12,locale,fr_FR,4.23
2025-09-12,locale,en_IN,3.57
2025-09-12,locale,ja_JP,2.69
2025-09-12,locale,ru_RU,2.30
2025-09-12,locale,pt_BR,2.08
2025-09-12,locale,es_ES,2.04
2025-09-12,locale,en_AU,2.02
2025-09-12,locale,it_IT,1.97
2025-09-12,locale,en,1.73
2025-09-12,locale,en_CA,1.61
2025-09-12,locale,ko_KR,1.61
2025-09-12,locale,nl_NL,1.46
2025-09-12,locale,pl_PL,1.43
2025-09-12,locale,tr_TR,0.88
2025-09-12,locale,de_AT,0.76
2025-09-12,locale,de_CH,0.75
2025-09-12,locale,sv_SE,0.73
2025-09-12,locale,es_MX,0.72
2025-09-12,locale,cs_CZ,0.69
2025-09-12,locale,zh_TW,0.68
2025-09-12,locale,en_ZA,0.56
2025-09-12,locale,en_DE,0.50
2025-09-12,locale,en_NL,0.50
2025-09-12,locale,es_AR,0.46
2025-09-12,locale,hu_HU,0.40
2025-09-12,locale,en_NZ,0.37
2025-09-12,locale,da_DK,0.37
2025-09-12,locale,pt_PT,0.36
2025-09-12,locale,nb_NO,0.35
2025-09-12,locale,uk_UA,0.35
2025-09-12,locale,nl_BE,0.34
2025-09-12,locale,en_PH,0.34
2025-09-12,locale,th_TH,0.31
2025-09-12,locale,en_ID,0.30
2025-09-12,locale,es_CL,0.29
2025-09-12,locale,es_CO,0.29
2025-09-12,locale,en_MY,0.28
2025-09-12,locale,fr_CA,0.27
2025-09-12,locale,en_SG,0.26
2025-09-12,locale,en_SE,0.24
2025-09-12,locale,de,0.24
2025-09-12,locale,fi_FI,0.23
2025-09-12,locale,fr_CH,0.22
2025-09-12,locale,sk_SK,0.22
2025-09-12,locale,en_IE,0.21
2025-09-12,locale,fr_BE,0.21
2025-09-12,locale,en_BE,0.18
2025-10-13,os,Raspberry Pi OS (64-bit),33.67
2025-10-13,os,Raspberry Pi OS (other),24.57
2025-10-13,os,Ubuntu,9.09
2025-10-13,os,Raspberry Pi OS (32-bit),6.69
2025-10-13,os,Home Assistant,6.41
2025-10-13,os,OctoPi,1.80
2025-10-13,os,Recalbox,1.79
2025-10-13,os,"Raspberry Pi OS (Legacy, 32-bit)",1.75
2025-10-13,os,Bootloader (Pi 5 family),1.62
2025-10-13,os,Bootloader (Pi 4 family),1.59
2025-10-13,os,RetroPie,1.40
2025-10-13,os,Mainsail OS,1.22
2025-10-13,os,Kali Linux,1.19
2025-10-13,os,LibreELEC,0.97
2025-10-13,os,PINN,0.67
2025-10-13,os,Armbian OS,0.60
2025-10-13,os,Volumio,0.50
2025-10-13,os,Android by emteria,0.49
2025-10-13,os,moOde audio player,0.46
2025-10-13,os,Alpine Linux,0.43
2025-10-13,os,Homebridge,0.40
2025-10-13,os,OSMC,0.27
2025-10-13,os,piCorePlayer,0.26
2025-10-13,os,DAKboard,0.26
2025-10-13,os,FullPageOS,0.24
2025-10-13,os,Anthias,0.17
2025-10-13,os,OctoKlipperPi,0.16
2025-10-13,os,openHAB,0.16
2025-10-13,os,Falcon Player (FPP),0.14
2025-10-13,os,RISC OS Pi,0.14
2025-10-13,os,RaspberryMatic,0.13
2025-10-13,os,Ultramarine Linux,0.10
2025-10-13,os,Bass ARM (Android),0.10
2025-10-13,os,FreedomBox,0.07
2025-10-13,os,evcc,0.06
2025-10-13,os,ADS-B Feeder Image,0.05
2025-10-13,os,"SimplyPrint - 3D print anywhere, smarter",0.05
2025-10-13,os,Apertis,0.04
2025-10-13,os,MoodleBox,0.03
2025-10-13,os,Repetier-Server,0.03
2025-10-13,os,SatNOGS,0.03
2025-10-13,os,Yodeck Digital Signage,0.03
2025-10-13,os,LoLaOS,0.03
2025-10-13,os,Gladys Assistant,0.03
2025-10-13,os,VEX Tournament Manager,0.02
2025-10-13,os,piCorePlayer Test Images,0.02
2025-10-13,os,Screenly Digital Signage,0.02
2025-10-13,os,3DPrinterOS,0.02
2025-10-13,os,info-beamer digital signage,0.01
2025-10-13,os,TLXOS,0.01
2025-10-13,os,nymea,0.01
2025-10-13,host_arch,x86_64,82.15
2025-10-13,host_arch,arm64,17.66
2025-10-13,host_arch,arm,0.15
2025-10-13,host_arch,i386,0.05
2025-10-13,locale,en_US,33.74
2025-10-13,locale,de_DE,11.38
2025-10-13,locale,en_GB,8.53
2025-10-13,locale,fr_FR,4.42
2025-10-13,locale,en_IN,3.69
2025-10-13,locale,zh_CN,3.22
2025-10-13,locale,ja_JP,2.75
2025-10-13,locale,ru_RU,2.42
2025-10-13,locale,es_ES,2.09
2025-10-13,locale,it_IT,2.08
2025-10-13,locale,en_AU,1.93
2025-10-13,locale,pt_BR,1.89
2025-10-13,locale,en,1.89
2025-10-13,locale,en_CA,1.71
2025-10-13,locale,pl_PL,1.58
2025-10-13,locale,nl_NL,1.56
2025-10-13,locale,ko_KR,1.40
2025-10-13,locale,de_AT,0.86
2025-10-13,locale,tr_TR,0.84
2025-10-13,locale,cs_CZ,0.76
2025-10-13,locale,es_MX,0.75
2025-10-13,locale,sv_SE,0.71
2025-10-13,locale,de_CH,0.66
2025-10-13,locale,zh_TW,0.65
2025-10-13,locale,en_ZA,0.54
2025-10-13,locale,en_NL,0.53
2025-10-13,locale,en_DE,0.50
2025-10-13,locale,hu_HU,0.41
2025-10-13,locale,nl_BE,0.41
2025-10-13,locale,pt_PT,0.41
2025-10-13,locale,da_DK,0.40
2025-10-13,locale,es_AR,0.37
2025-10-13,locale,uk_UA,0.37
2025-10-13,locale,en_NZ,0.34
2025-10-13,locale,nb_NO,0.32
2025-10-13,locale,th_TH,0.31
2025-10-13,locale,en_PH,0.30
2025-10-13,locale,en_ID,0.29
2025-10-13,locale,fr_CA,0.27
2025-10-13,locale,en_SE,0.27
2025-10-13,locale,es_CO,0.27
2025-10-13,locale,fr_BE,0.25
2025-10-13,locale,es_CL,0.25
2025-10-13,locale,fi_FI,0.24
2025-10-13,locale,sk_SK,0.24
2025-10-13,locale,en_IE,0.22
2025-10-13,locale,de,0.22
2025-10-13,locale,en_MY,0.22
2025-10-13,locale,en_SG,0.21
2025-10-13,locale,fr_CH,0.20
2025-10-13,locale,en_BE,0.19
2025-10-15,os,Raspberry Pi OS (64-bit),33.91
2025-10-15,os,Raspberry Pi OS (other),24.78
2025-10-15,os,Ubuntu,9.03
2025-10-15,os,Raspberry Pi OS (32-bit),6.66
2025-10-15,os,Home Assistant,6.30
2025-10-15,os,OctoPi,1.79
2025-10-15,os,Recalbox,1.79
2025-10-15,os,"Raspberry Pi OS (Legacy, 32-bit)",1.77
2025-10-15,os,Bootloader (Pi 5 family),1.63
2025-10-15,os,Bootloader (Pi 4 family),1.59
2025-10-15,os,RetroPie,1.26
2025-10-15,os,Mainsail OS,1.20
2025-10-15,os,Kali Linux,1.17
2025-10-15,os,LibreELEC,0.95
2025-10-15,os,PINN,0.66
2025-10-15,os,Armbian OS,0.59
2025-10-15,os,Volumio,0.49
2025-10-15,os,Android by emteria,0.48
2025-10-15,os,moOde audio player,0.45
2025-10-15,os,Alpine Linux,0.43
2025-10-15,os,Homebridge,0.39
2025-10-15,os,OSMC,0.26
2025-10-15,os,DAKboard,0.25
2025-10-15,os,piCorePlayer,0.25
2025-10-15,os,FullPageOS,0.24
2025-10-15,os,Anthias,0.17
2025-10-15,os,OctoKlipperPi,0.16
2025-10-15,os,openHAB,0.15
2025-10-15,os,Falcon Player (FPP),0.15
2025-10-15,os,RISC OS Pi,0.14
2025-10-15,os,RaspberryMatic,0.13
2025-10-15,os,Ultramarine Linux,0.10
2025-10-15,os,Bass ARM (Android),0.10
2025-10-15,os,FreedomBox,0.07
2025-10-15,os,evcc,0.06
2025-10-15,os,ADS-B Feeder Image,0.06
2025-10-15,os,"SimplyPrint - 3D print anywhere, smarter",0.05
2025-10-15,os,Apertis,0.04
2025-10-15,os,MoodleBox,0.03
2025-10-15,os,SatNOGS,0.03
2025-10-15,os,Repetier-Server,0.03
2025-10-15,os,Yodeck Digital Signage,0.03
2025-10-15,os,LoLaOS,0.03
2025-10-15,os,Gladys Assistant,0.03
2025-10-15,os,piCorePlayer Test Images,0.02
2025-10-15,os,Screenly Digital Signage,0.02
2025-10-15,os,VEX Tournament Manager,0.02
2025-10-15,os,info-beamer digital signage,0.02
2025-10-15,os,3DPrinterOS,0.02
2025-10-15,os,TLXOS,0.01
2025-10-15,os,nymea,0.01
2025-10-15,host_arch,x86_64,82.13
2025-10-15,host_arch,arm64,17.69
2025-10-15,host_arch,arm,0.14
2025-10-15,host_arch,i386,0.04
2025-10-15,locale,en_US,33.82
2025-10-15,locale,de_DE,11.34
2025-10-15,locale,en_GB,8.47
2025-10-15,locale,fr_FR,4.34
2025-10-15,locale,en_IN,3.72
2025-10-15,locale,zh_CN,3.13
2025-10-15,locale,ja_JP,2.75
2025-10-15,locale,ru_RU,2.44
2025-10-15,locale,es_ES,2.09
2025-10-15,locale,it_IT,2.08
2025-10-15,locale,en_AU,1.90
2025-10-15,locale,pt_BR,1.90
2025-10-15,locale,en,1.89
2025-10-15,locale,en_CA,1.72
2025-10-15,locale,pl_PL,1.59
2025-10-15,locale,nl_NL,1.56
2025-10-15,locale,ko_KR,1.44
2025-10-15,locale,de_AT,0.87
2025-10-15,locale,tr_TR,0.85
2025-10-15,locale,es_MX,0.76
2025-10-15,locale,cs_CZ,0.75
2025-10-15,locale,sv_SE,0.71
2025-10-15,locale,de_CH,0.66
2025-10-15,locale,zh_TW,0.66
2025-10-15,locale,en_ZA,0.54
2025-10-15,locale,en_NL,0.54
2025-10-15,locale,en_DE,0.50
2025-10-15,locale,nl_BE,0.41
2025-10-15,locale,da_DK,0.41
2025-10-15,locale,hu_HU,0.41
2025-10-15,locale,pt_PT,0.40
2025-10-15,locale,es_AR,0.38
2025-10-15,locale,uk_UA,0.37
2025-10-15,locale,en_NZ,0.34
2025-10-15,locale,nb_NO,0.32
2025-10-15,locale,en_PH,0.31
2025-10-15,locale,th_TH,0.30
2025-10-15,locale,en_ID,0.30
2025-10-15,locale,en_SE,0.27
2025-10-15,locale,fr_CA,0.27
2025-10-15,locale,es_CO,0.27
2025-10-15,locale,fr_BE,0.25
2025-10-15,locale,es_CL,0.25
2025-10-15,locale,fi_FI,0.24
2025-10-15,locale,sk_SK,0.24
2025-10-15,locale,en_MY,0.23
2025-10-15,locale,en_IE,0.23
2025-10-15,locale,de,0.23
2025-10-15,locale,en_SG,0.20
2025-10-15,locale,fr_CH,0.20
2025-10-15,locale,en_BE,0.19
2025-10-31,os,Raspberry Pi OS (64-bit),33.82
2025-10-31,os,Raspberry Pi OS (other),26.82
2025-10-31,os,Ubuntu,8.45
2025-10-31,os,Raspberry Pi OS (32-bit),6.39
2025-10-31,os,Home Assistant,6.08
2025-10-31,os,Recalbox,2.01
2025-10-31,os,"Raspberry Pi OS (Legacy, 32-bit)",1.83
2025-10-31,os,OctoPi,1.77
2025-10-31,os,Bootloader (Pi 4 family),1.63
2025-10-31,os,Bootloader (Pi 5 family),1.61
2025-10-31,os,Mainsail OS,1.13
2025-10-31,os,Kali Linux,1.10
2025-10-31,os,LibreELEC,0.93
2025-10-31,os,PINN,0.66
2025-10-31,os,Armbian OS,0.53
2025-10-31,os,Android by emteria,0.47
2025-10-31,os,Volumio,0.46
2025-10-31,os,RetroPie,0.46
2025-10-31,os,Alpine Linux,0.42
2025-10-31,os,moOde audio player,0.41
2025-10-31,os,Homebridge,0.38
2025-10-31,os,OSMC,0.28
2025-10-31,os,FullPageOS,0.25
2025-10-31,os,piCorePlayer,0.24
2025-10-31,os,DAKboard,0.22
2025-10-31,os,Falcon Player (FPP),0.17
2025-10-31,os,Anthias,0.17
2025-10-31,os,OctoKlipperPi,0.16
2025-10-31,os,openHAB,0.14
2025-10-31,os,RISC OS Pi,0.13
2025-10-31,os,Bass ARM (Android),0.13
2025-10-31,os,RaspberryMatic,0.10
2025-10-31,os,Ultramarine Linux,0.09
2025-10-31,os,ADS-B Feeder Image,0.07
2025-10-31,os,FreedomBox,0.06
2025-10-31,os,evcc,0.05
2025-10-31,os,Apertis,0.04
2025-10-31,os,"SimplyPrint - 3D print anywhere, smarter",0.04
2025-10-31,os,MoodleBox,0.03
2025-10-31,os,Repetier-Server,0.03
2025-10-31,os,Yodeck Digital Signage,0.03
2025-10-31,os,LoLaOS,0.03
2025-10-31,os,VEX Tournament Manager,0.03
2025-10-31,os,SatNOGS,0.03
2025-10-31,os,piCorePlayer Test Images,0.02
2025-10-31,os,Gladys Assistant,0.02
2025-10-31,os,TLXOS,0.02
2025-10-31,os,Screenly Digital Signage,0.02
2025-10-31,os,info-beamer digital signage,0.02
2025-10-31,os,3DPrinterOS,0.01
2025-10-31,os,Fugo One,0.01
2025-10-31,host_arch,x86_64,81.74
2025-10-31,host_arch,arm64,18.09
2025-10-31,host_arch,arm,0.13
2025-10-31,host_arch,i386,0.04
2025-10-31,locale,en_US,34.08
2025-10-31,locale,de_DE,11.74
2025-10-31,locale,en_GB,8.62
2025-10-31,locale,fr_FR,4.32
2025-10-31,locale,en_IN,3.47
2025-10-31,locale,zh_CN,3.00
2025-10-31,locale,ja_JP,2.70
2025-10-31,locale,ru_RU,2.37
2025-10-31,locale,es_ES,2.12
2025-10-31,locale,it_IT,2.09
2025-10-31,locale,en,1.86
2025-10-31,locale,en_AU,1.82
2025-10-31,locale,en_CA,1.76
2025-10-31,locale,pt_BR,1.75
2025-10-31,locale,nl_NL,1.69
2025-10-31,locale,pl_PL,1.68
2025-10-31,locale,ko_KR,1.24
2025-10-31,locale,de_AT,0.87
2025-10-31,locale,tr_TR,0.86
2025-10-31,locale,cs_CZ,0.75
2025-10-31,locale,sv_SE,0.75
2025-10-31,locale,es_MX,0.73
2025-10-31,locale,de_CH,0.69
2025-10-31,locale,zh_TW,0.56
2025-10-31,locale,en_NL,0.56
2025-10-31,locale,en_DE,0.52
2025-10-31,locale,en_ZA,0.51
2025-10-31,locale,da_DK,0.42
2025-10-31,locale,pt_PT,0.41
2025-10-31,locale,hu_HU,0.40
2025-10-31,locale,nl_BE,0.39
2025-10-31,locale,uk_UA,0.36
2025-10-31,locale,nb_NO,0.34
2025-10-31,locale,es_AR,0.34
2025-10-31,locale,en_NZ,0.33
2025-10-31,locale,en_PH,0.33
2025-10-31,locale,en_ID,0.28
2025-10-31,locale,en_SE,0.27
2025-10-31,locale,es_CL,0.26
2025-10-31,locale,th_TH,0.26
2025-10-31,locale,es_CO,0.26
2025-10-31,locale,fr_CA,0.25
2025-10-31,locale,sk_SK,0.25
2025-10-31,locale,fr_BE,0.24
2025-10-31,locale,fi_FI,0.24
2025-10-31,locale,en_MY,0.23
2025-10-31,locale,en_IE,0.22
2025-10-31,locale,en_SG,0.22
2025-10-31,locale,de,0.22
2025-10-31,locale,fr_CH,0.20
2025-10-31,locale,el_GR,0.19
2025-11-05,os,Raspberry Pi OS (64-bit),33.36
2025-11-05,os,Raspberry Pi OS (other),27.25
2025-11-05,os,Ubuntu,8.41
2025-11-05,os,Raspberry Pi OS (32-bit),6.39
2025-11-05,os,Home Assistant,6.14
2025-11-05,os,Recalbox,2.14
2025-11-05,os,"Raspberry Pi OS (Legacy, 32-bit)",1.87
2025-11-05,os,OctoPi,1.74
2025-11-05,os,Bootloader (Pi 4 family),1.65
2025-11-05,os,Bootloader (Pi 5 family),1.63
2025-11-05,os,Mainsail OS,1.12
2025-11-05,os,Kali Linux,1.09
2025-11-05,os,LibreELEC,0.92
2025-11-05,os,PINN,0.65
2025-11-05,os,Android by emteria,0.52
2025-11-05,os,Armbian OS,0.51
2025-11-05,os,Volumio,0.46
2025-11-05,os,Alpine Linux,0.42
2025-11-05,os,moOde audio player,0.41
2025-11-05,os,Homebridge,0.40
2025-11-05,os,OSMC,0.28
2025-11-05,os,FullPageOS,0.25
2025-11-05,os,piCorePlayer,0.24
2025-11-05,os,RetroPie,0.22
2025-11-05,os,DAKboard,0.22
2025-11-05,os,Falcon Player (FPP),0.17
2025-11-05,os,Anthias,0.16
2025-11-05,os,OctoKlipperPi,0.16
2025-11-05,os,Bass ARM (Android),0.14
2025-11-05,os,RISC OS Pi,0.14
2025-11-05,os,openHAB,0.14
2025-11-05,os,RaspberryMatic,0.11
2025-11-05,os,Ultramarine Linux,0.09
2025-11-05,os,ADS-B Feeder Image,0.08
2025-11-05,os,FreedomBox,0.07
2025-11-05,os,evcc,0.05
2025-11-05,os,Apertis,0.04
2025-11-05,os,"SimplyPrint - 3D print anywhere, smarter",0.04
2025-11-05,os,MoodleBox,0.03
2025-11-05,os,Repetier-Server,0.03
2025-11-05,os,Yodeck Digital Signage,0.03
2025-11-05,os,VEX Tournament Manager,0.03
2025-11-05,os,LoLaOS,0.03
2025-11-05,os,piCorePlayer Test Images,0.02
2025-11-05,os,SatNOGS,0.02
2025-11-05,os,Gladys Assistant,0.02
2025-11-05,os,TLXOS,0.02
2025-11-05,os,info-beamer digital signage,0.02
2025-11-05,os,3DPrinterOS,0.02
2025-11-05,os,Screenly Digital Signage,0.02
2025-11-05,os,Web3 Pi,0.01
2025-11-05,host_arch,x86_64,81.78
2025-11-05,host_arch,arm64,18.06
2025-11-05,host_arch,arm,0.12
2025-11-05,host_arch,i386,0.04
2025-11-05,locale,en_US,34.16
2025-11-05,locale,de_DE,11.84
2025-11-05,locale,en_GB,8.50
2025-11-05,locale,fr_FR,4.38
2025-11-05,locale,en_IN,3.54
2025-11-05,locale,zh_CN,3.10
2025-11-05,locale,ja_JP,2.63
2025-11-05,locale,ru_RU,2.39
2025-11-05,locale,es_ES,2.14
2025-11-05,locale,it_IT,2.10
2025-11-05,locale,en,1.80
2025-11-05,locale,en_AU,1.79
2025-11-05,locale,en_CA,1.75
2025-11-05,locale,pt_BR,1.70
2025-11-05,locale,nl_NL,1.69
2025-11-05,locale,pl_PL,1.65
2025-11-05,locale,ko_KR,1.28
2025-11-05,locale,de_AT,0.86
2025-11-05,locale,tr_TR,0.85
2025-11-05,locale,cs_CZ,0.75
2025-11-05,locale,sv_SE,0.74
2025-11-05,locale,de_CH,0.71
2025-11-05,locale,es_MX,0.71
2025-11-05,locale,en_NL,0.56
2025-11-05,locale,zh_TW,0.55
2025-11-05,locale,en_DE,0.53
2025-11-05,locale,en_ZA,0.49
2025-11-05,locale,da_DK,0.42
2025-11-05,locale,pt_PT,0.42
2025-11-05,locale,hu_HU,0.42
2025-11-05,locale,nl_BE,0.38
2025-11-05,locale,uk_UA,0.35
2025-11-05,locale,es_AR,0.34
2025-11-05,locale,nb_NO,0.33
2025-11-05,locale,en_NZ,0.32
2025-11-05,locale,en_PH,0.32
2025-11-05,locale,en_ID,0.27
2025-11-05,locale,en_SE,0.26
2025-11-05,locale,fr_CA,0.25
2025-11-05,locale,es_CL,0.25
2025-11-05,locale,sk_SK,0.25
2025-11-05,locale,th_TH,0.24
2025-11-05,locale,fi_FI,0.24
2025-11-05,locale,es_CO,0.24
2025-11-05,locale,fr_BE,0.24
2025-11-05,locale,en_SG,0.23
2025-11-05,locale,en_MY,0.23
2025-11-05,locale,en_IE,0.22
2025-11-05,locale,de,0.22
2025-11-05,locale,fr_CH,0.20
2025-11-05,locale,el_GR,0.19
2025-11-14,os,Raspberry Pi OS (64-bit),32.92
2025-11-14,os,Raspberry Pi OS (other),27.25
2025-11-14,os,Ubuntu,8.48
2025-11-14,os,Raspberry Pi OS (32-bit),6.46
2025-11-14,os,Home Assistant,6.36
2025-11-14,os,Recalbox,2.22
2025-11-14,os,"Raspberry Pi OS (Legacy, 32-bit)",1.93
2025-11-14,os,OctoPi,1.76
2025-11-14,os,Bootloader (Pi 5 family),1.69
2025-11-14,os,Bootloader (Pi 4 family),1.67
2025-11-14,os,Mainsail OS,1.09
2025-11-14,os,Kali Linux,1.05
2025-11-14,os,LibreELEC,0.95
2025-11-14,os,PINN,0.66
2025-11-14,os,Android by emteria,0.56
2025-11-14,os,Armbian OS,0.48
2025-11-14,os,Volumio,0.48
2025-11-14,os,moOde audio player,0.43
2025-11-14,os,Alpine Linux,0.42
2025-11-14,os,Homebridge,0.41
2025-11-14,os,OSMC,0.29
2025-11-14,os,FullPageOS,0.26
2025-11-14,os,piCorePlayer,0.24
2025-11-14,os,DAKboard,0.21
2025-11-14,os,Bass ARM (Android),0.19
2025-11-14,os,Falcon Player (FPP),0.17
2025-11-14,os,Anthias,0.17
2025-11-14,os,OctoKlipperPi,0.16
2025-11-14,os,RISC OS Pi,0.14
2025-11-14,os,openHAB,0.14
2025-11-14,os,RaspberryMatic,0.11
2025-11-14,os,Ultramarine Linux,0.09
2025-11-14,os,ADS-B Feeder Image,0.07
2025-11-14,os,FreedomBox,0.06
2025-11-14,os,evcc,0.05
2025-11-14,os,Apertis,0.04
2025-11-14,os,"SimplyPrint - 3D print anywhere, smarter",0.04
2025-11-14,os,Yodeck Digital Signage,0.03
2025-11-14,os,Repetier-Server,0.03
2025-11-14,os,VEX Tournament Manager,0.03
2025-11-14,os,MoodleBox,0.03
2025-11-14,os,piCorePlayer Test Images,0.03
2025-11-14,os,LoLaOS,0.03
2025-11-14,os,SatNOGS,0.02
2025-11-14,os,Gladys Assistant,0.02
2025-11-14,os,3DPrinterOS,0.02
2025-11-14,os,TLXOS,0.02
2025-11-14,os,info-beamer digital signage,0.02
2025-11-14,os,Screenly Digital Signage,0.02
2025-11-14,os,Web3 Pi,0.01
2025-11-14,os,Fugo One,0.01
2025-11-14,host_arch,x86_64,81.92
2025-11-14,host_arch,arm64,17.92
2025-11-14,host_arch,arm,0.12
2025-11-14,host_arch,i386,0.04
2025-11-14,locale,en_US,33.83
2025-11-14,locale,de_DE,11.91
2025-11-14,locale,en_GB,8.39
2025-11-14,locale,fr_FR,4.52
2025-11-14,locale,en_IN,3.56
2025-11-14,locale,zh_CN,3.15
2025-11-14,locale,ja_JP,2.51
2025-11-14,locale,ru_RU,2.40
2025-11-14,locale,es_ES,2.21
2025-11-14,locale,it_IT,2.13
2025-11-14,locale,en_AU,1.76
2025-11-14,locale,en,1.74
2025-11-14,locale,en_CA,1.71
2025-11-14,locale,nl_NL,1.70
2025-11-14,locale,pt_BR,1.68
2025-11-14,locale,pl_PL,1.66
2025-11-14,locale,ko_KR,1.51
2025-11-14,locale,de_AT,0.88
2025-11-14,locale,tr_TR,0.82
2025-11-14,locale,sv_SE,0.76
2025-11-14,locale,cs_CZ,0.74
2025-11-14,locale,de_CH,0.74
2025-11-14,locale,es_MX,0.73
2025-11-14,locale,zh_TW,0.56
2025-11-14,locale,en_NL,0.55
2025-11-14,locale,en_DE,0.52
2025-11-14,locale,en_ZA,0.48
2025-11-14,locale,hu_HU,0.43
2025-11-14,locale,da_DK,0.42
2025-11-14,locale,pt_PT,0.42
2025-11-14,locale,nl_BE,0.37
2025-11-14,locale,uk_UA,0.36
2025-11-14,locale,es_AR,0.34
2025-11-14,locale,nb_NO,0.33
2025-11-14,locale,en_PH,0.32
2025-11-14,locale,en_NZ,0.30
2025-11-14,locale,en_ID,0.28
2025-11-14,locale,es_CL,0.26
2025-11-14,locale,fr_BE,0.25
2025-11-14,locale,sk_SK,0.25
2025-11-14,locale,en_SE,0.25
2025-11-14,locale,th_TH,0.25
2025-11-14,locale,fr_CA,0.25
2025-11-14,locale,fi_FI,0.24
2025-11-14,locale,en_MY,0.24
2025-11-14,locale,en_SG,0.24
2025-11-14,locale,es_CO,0.24
2025-11-14,locale,de,0.22
2025-11-14,locale,en_IE,0.22
2025-11-14,locale,fr_CH,0.20
2025-11-14,locale,el_GR,0.19
2025-11-17,os,Raspberry Pi OS (64-bit),32.45
2025-11-17,os,Raspberry Pi OS (other),27.37
2025-11-17,os,Ubuntu,8.40
2025-11-17,os,Home Assistant,6.52
2025-11-17,os,Raspberry Pi OS (32-bit),6.45
2025-11-17,os,Recalbox,2.29
2025-11-17,os,"Raspberry Pi OS (Legacy, 32-bit)",1.95
2025-11-17,os,OctoPi,1.81
2025-11-17,os,Bootloader (Pi 5 family),1.70
2025-11-17,os,Bootloader (Pi 4 family),1.66
2025-11-17,os,Mainsail OS,1.09
2025-11-17,os,Kali Linux,1.05
2025-11-17,os,LibreELEC,0.98
2025-11-17,os,PINN,0.66
2025-11-17,os,Android by emteria,0.57
2025-11-17,os,Volumio,0.51
2025-11-17,os,Armbian OS,0.49
2025-11-17,os,moOde audio player,0.44
2025-11-17,os,Alpine Linux,0.42
2025-11-17,os,Homebridge,0.42
2025-11-17,os,OSMC,0.29
2025-11-17,os,FullPageOS,0.25
2025-11-17,os,piCorePlayer,0.24
2025-11-17,os,DAKboard,0.22
2025-11-17,os,Bass ARM (Android),0.20
2025-11-17,os,Falcon Player (FPP),0.18
2025-11-17,os,Anthias,0.16
2025-11-17,os,OctoKlipperPi,0.16
2025-11-17,os,openHAB,0.14
2025-11-17,os,RISC OS Pi,0.14
2025-11-17,os,RaspberryMatic,0.11
2025-11-17,os,Ultramarine Linux,0.10
2025-11-17,os,ADS-B Feeder Image,0.07
2025-11-17,os,FreedomBox,0.06
2025-11-17,os,evcc,0.05
2025-11-17,os,Apertis,0.04
2025-11-17,os,"SimplyPrint - 3D print anywhere, smarter",0.04
2025-11-17,os,Repetier-Server,0.03
2025-11-17,os,Yodeck Digital Signage,0.03
2025-11-17,os,VEX Tournament Manager,0.03
2025-11-17,os,MoodleBox,0.03
2025-11-17,os,piCorePlayer Test Images,0.03
2025-11-17,os,LoLaOS,0.03
2025-11-17,os,SatNOGS,0.03
2025-11-17,os,Gladys Assistant,0.02
2025-11-17,os,3DPrinterOS,0.02
2025-11-17,os,TLXOS,0.02
2025-11-17,os,info-beamer digital signage,0.02
2025-11-17,os,Screenly Digital Signage,0.02
2025-11-17,os,Web3 Pi,0.01
2025-11-17,os,nymea,0.01
2025-11-17,host_arch,x86_64,81.85
2025-11-17,host_arch,arm64,17.99
2025-11-17,host_arch,arm,0.12
2025-11-17,host_arch,i386,0.04
2025-11-17,locale,en_US,33.77
2025-11-17,locale,de_DE,12.12
2025-11-17,locale,en_GB,8.48
2025-11-17,locale,fr_FR,4.63
2025-11-17,locale,en_IN,3.46
2025-11-17,locale,zh_CN,3.11
2025-11-17,locale,ja_JP,2.42
2025-11-17,locale,ru_RU,2.42
2025-11-17,locale,es_ES,2.22
2025-11-17,locale,it_IT,2.13
2025-11-17,locale,en_AU,1.76
2025-11-17,locale,en,1.72
2025-11-17,locale,en_CA,1.71
2025-11-17,locale,nl_NL,1.71
2025-11-17,locale,pl_PL,1.66
2025-11-17,locale,pt_BR,1.65
2025-11-17,locale,ko_KR,1.44
2025-11-17,locale,de_AT,0.86
2025-11-17,locale,tr_TR,0.82
2025-11-17,locale,de_CH,0.75
2025-11-17,locale,cs_CZ,0.75
2025-11-17,locale,sv_SE,0.75
2025-11-17,locale,es_MX,0.70
2025-11-17,locale,en_NL,0.54
2025-11-17,locale,zh_TW,0.54
2025-11-17,locale,en_DE,0.52
2025-11-17,locale,en_ZA,0.49
2025-11-17,locale,hu_HU,0.44
2025-11-17,locale,pt_PT,0.42
2025-11-17,locale,da_DK,0.42
2025-11-17,locale,nl_BE,0.38
2025-11-17,locale,uk_UA,0.36
2025-11-17,locale,es_AR,0.33
2025-11-17,locale,nb_NO,0.33
2025-11-17,locale,en_PH,0.30
2025-11-17,locale,en_NZ,0.30
2025-11-17,locale,en_ID,0.27
2025-11-17,locale,fr_BE,0.26
2025-11-17,locale,sk_SK,0.26
2025-11-17,locale,en_SE,0.26
2025-11-17,locale,es_CL,0.25
2025-11-17,locale,fr_CA,0.25
2025-11-17,locale,fi_FI,0.24
2025-11-17,locale,th_TH,0.24
2025-11-17,locale,en_SG,0.23
2025-11-17,locale,en_MY,0.23
2025-11-17,locale,es_CO,0.23
2025-11-17,locale,de,0.23
2025-11-17,locale,en_IE,0.22
2025-11-17,locale,fr_CH,0.21
2025-11-17,locale,el_GR,0.19
2025-12-17,os,Raspberry Pi OS (64-bit),35.48
2025-12-17,os,Raspberry Pi OS (other),26.64
2025-12-17,os,Raspberry Pi OS (32-bit),6.93
2025-12-17,os,Ubuntu,6.90
2025-12-17,os,Home Assistant,6.54
2025-12-17,os,"Raspberry Pi OS (Legacy, 32-bit)",2.27
2025-12-17,os,Recalbox,2.23
2025-12-17,os,OctoPi,1.58
2025-12-17,os,Bootloader (Pi 5 family),1.53
2025-12-17,os,Bootloader (Pi 4 family),1.35
2025-12-17,os,Mainsail OS,1.04
2025-12-17,os,LibreELEC,0.90
2025-12-17,os,Kali Linux,0.89
2025-12-17,os,moOde audio player,0.65
2025-12-17,os,PINN,0.52
2025-12-17,os,Volumio,0.52
2025-12-17,os,Armbian OS,0.39
2025-12-17,os,Homebridge,0.39
2025-12-17,os,Alpine Linux,0.36
2025-12-17,os,Android by emteria,0.35
2025-12-17,os,piCorePlayer,0.28
2025-12-17,os,Falcon Player (FPP),0.24
2025-12-17,os,DAKboard,0.23
2025-12-17,os,OSMC,0.22
2025-12-17,os,FullPageOS,0.22
2025-12-17,os,Bass ARM (Android),0.16
2025-12-17,os,Anthias,0.15
2025-12-17,os,OctoKlipperPi,0.15
2025-12-17,os,openHAB,0.13
2025-12-17,os,RISC OS Pi,0.10
2025-12-17,os,RaspberryMatic,0.10
2025-12-17,os,Ultramarine Linux,0.07
2025-12-17,os,ADS-B Feeder Image,0.05
2025-12-17,os,evcc,0.04
2025-12-17,os,FreedomBox,0.04
2025-12-17,os,"SimplyPrint - 3D print anywhere, smarter",0.04
2025-12-17,os,Apertis,0.03
2025-12-17,os,Yodeck Digital Signage,0.03
2025-12-17,os,VEX Tournament Manager,0.03
2025-12-17,os,LoLaOS,0.02
2025-12-17,os,Repetier-Server,0.02
2025-12-17,os,MoodleBox,0.02
2025-12-17,os,Screenly Digital Signage,0.02
2025-12-17,os,Gladys Assistant,0.02
2025-12-17,os,SatNOGS,0.02
2025-12-17,os,DietPi,0.02
2025-12-17,os,piCorePlayer Test Images,0.02
2025-12-17,os,Misc utility images,0.01
2025-12-17,os,Clea OS,0.01
2025-12-17,os,nymea,0.01
2025-12-17,os,3DPrinterOS,0.01
2025-12-17,host_arch,x86_64,82.58
2025-12-17,host_arch,arm64,17.28
2025-12-17,host_arch,arm,0.10
2025-12-17,host_arch,i386,0.05
2025-12-17,locale,en_US,39.34
2025-12-17,locale,de_DE,12.88
2025-12-17,locale,en_GB,9.04
2025-12-17,locale,fr_FR,5.14
2025-12-17,locale,zh_CN,3.09
2025-12-17,locale,es_ES,2.58
2025-12-17,locale,ru_RU,2.55
2025-12-17,locale,ja_JP,2.43
2025-12-17,locale,it_IT,2.07
2025-12-17,locale,nl_NL,1.68
2025-12-17,locale,en_IN,1.61
2025-12-17,locale,pl_PL,1.53
2025-12-17,locale,en,1.53
2025-12-17,locale,pt_BR,1.53
2025-12-17,locale,ko_KR,1.27
2025-12-17,locale,en_CA,0.98
2025-12-17,locale,tr_TR,0.95
2025-12-17,locale,es_MX,0.94
2025-12-17,locale,en_AU,0.91
2025-12-17,locale,cs_CZ,0.71
2025-12-17,locale,sv_SE,0.68
2025-12-17,locale,zh_TW,0.63
2025-12-17,locale,de_AT,0.42
2025-12-17,locale,hu_HU,0.40
2025-12-17,locale,pt_PT,0.39
2025-12-17,locale,uk_UA,0.36
2025-12-17,locale,da_DK,0.35
2025-12-17,locale,de_CH,0.35
2025-12-17,locale,en_DE,0.28
2025-12-17,locale,nb_NO,0.26
2025-12-17,locale,en_NL,0.25
2025-12-17,locale,fi_FI,0.23
2025-12-17,locale,sk_SK,0.22
2025-12-17,locale,fr_CA,0.22
2025-12-17,locale,de,0.21
2025-12-17,locale,en_ZA,0.20
2025-12-17,locale,nl_BE,0.16
2025-12-17,locale,es_AR,0.15
2025-12-17,locale,en_NZ,0.15
2025-12-17,locale,en_PH,0.13
2025-12-17,locale,fr_BE,0.13
2025-12-17,locale,el_GR,0.12
2025-12-17,locale,en_ID,0.12
2025-12-17,locale,th_TH,0.12
2025-12-17,locale,en_SE,0.11
2025-12-17,locale,fr_CH,0.11
2025-12-17,locale,es_CL,0.11
2025-12-17,locale,en_IE,0.10
2025-12-17,locale,en_SG,0.10
2025-12-17,locale,en_MY,0.10
2025-12-17,locale,en_BE,0.09
2025-12-18,os,Raspberry Pi OS (64-bit),35.55
2025-12-18,os,Raspberry Pi OS (other),26.61
2025-12-18,os,Raspberry Pi OS (32-bit),6.96
2025-12-18,os,Ubuntu,6.84
2025-12-18,os,Home Assistant,6.53
2025-12-18,os,"Raspberry Pi OS (Legacy, 32-bit)",2.26
2025-12-18,os,Recalbox,2.23
2025-12-18,os,OctoPi,1.57
2025-12-18,os,Bootloader (Pi 5 family),1.53
2025-12-18,os,Bootloader (Pi 4 family),1.34
2025-12-18,os,Mainsail OS,1.04
2025-12-18,os,LibreELEC,0.89
2025-12-18,os,Kali Linux,0.89
2025-12-18,os,moOde audio player,0.65
2025-12-18,os,Volumio,0.52
2025-12-18,os,PINN,0.52
2025-12-18,os,Armbian OS,0.39
2025-12-18,os,Homebridge,0.39
2025-12-18,os,Alpine Linux,0.36
2025-12-18,os,Android by emteria,0.35
2025-12-18,os,piCorePlayer,0.28
2025-12-18,os,Falcon Player (FPP),0.24
2025-12-18,os,DAKboard,0.23
2025-12-18,os,OSMC,0.22
2025-12-18,os,FullPageOS,0.22
2025-12-18,os,Bass ARM (Android),0.16
2025-12-18,os,OctoKlipperPi,0.15
2025-12-18,os,Anthias,0.15
2025-12-18,os,openHAB,0.13
2025-12-18,os,RISC OS Pi,0.10
2025-12-18,os,RaspberryMatic,0.10
2025-12-18,os,Ultramarine Linux,0.07
2025-12-18,os,ADS-B Feeder Image,0.05
2025-12-18,os,evcc,0.04
2025-12-18,os,FreedomBox,0.04
2025-12-18,os,DietPi,0.04
2025-12-18,os,"SimplyPrint - 3D print anywhere, smarter",0.04
2025-12-18,os,Apertis,0.03
2025-12-18,os,Yodeck Digital Signage,0.03
2025-12-18,os,VEX Tournament Manager,0.03
2025-12-18,os,LoLaOS,0.02
2025-12-18,os,Repetier-Server,0.02
2025-12-18,os,MoodleBox,0.02
2025-12-18,os,Gladys Assistant,0.02
2025-12-18,os,Screenly Digital Signage,0.02
2025-12-18,os,SatNOGS,0.02
2025-12-18,os,piCorePlayer Test Images,0.01
2025-12-18,os,Misc utility images,0.01
2025-12-18,os,Clea OS,0.01
2025-12-18,os,3DPrinterOS,0.01
2025-12-18,os,nymea,0.01
2025-12-18,host_arch,x86_64,82.61
2025-12-18,host_arch,arm64,17.24
2025-12-18,host_arch,arm,0.10
2025-12-18,host_arch,i386,0.05
2025-12-18,locale,en_US,39.59
2025-12-18,locale,de_DE,12.95
2025-12-18,locale,en_GB,9.06
2025-12-18,locale,fr_FR,5.14
2025-12-18,locale,zh_CN,3.07
2025-12-18,locale,es_ES,2.58
2025-12-18,locale,ru_RU,2.55
2025-12-18,locale,ja_JP,2.42
2025-12-18,locale,it_IT,2.07
2025-12-18,locale,nl_NL,1.68
2025-12-18,locale,en_IN,1.54
2025-12-18,locale,pl_PL,1.53
2025-12-18,locale,pt_BR,1.53
2025-12-18,locale,en,1.52
2025-12-18,locale,ko_KR,1.27
2025-12-18,locale,es_MX,0.96
2025-12-18,locale,tr_TR,0.95
2025-12-18,locale,en_CA,0.95
2025-12-18,locale,en_AU,0.89
2025-12-18,locale,cs_CZ,0.70
2025-12-18,locale,sv_SE,0.68
2025-12-18,locale,zh_TW,0.62
2025-12-18,locale,de_AT,0.40
2025-12-18,locale,hu_HU,0.40
2025-12-18,locale,pt_PT,0.39
2025-12-18,locale,uk_UA,0.36
2025-12-18,locale,da_DK,0.36
2025-12-18,locale,de_CH,0.33
2025-12-18,locale,en_DE,0.27
2025-12-18,locale,nb_NO,0.26
2025-12-18,locale,en_NL,0.24
2025-12-18,locale,fi_FI,0.22
2025-12-18,locale,fr_CA,0.22
2025-12-18,locale,sk_SK,0.22
2025-12-18,locale,de,0.21
2025-12-18,locale,en_ZA,0.18
2025-12-18,locale,nl_BE,0.15
2025-12-18,locale,es_AR,0.15
2025-12-18,locale,en_NZ,0.14
2025-12-18,locale,fr_BE,0.12
2025-12-18,locale,el_GR,0.12
2025-12-18,locale,en_PH,0.12
2025-12-18,locale,en_ID,0.12
2025-12-18,locale,en_SE,0.11
2025-12-18,locale,th_TH,0.10
2025-12-18,locale,es_CL,0.10
2025-12-18,locale,fr_CH,0.10
2025-12-18,locale,en_IE,0.09
2025-12-18,locale,en_SG,0.09
2025-12-18,locale,en_CH,0.09
2025-12-18,locale,en_MY,0.09
2026-01-12,os,Raspberry Pi OS (64-bit),35.32
2026-01-12,os,Raspberry Pi OS (other),25.42
2026-01-12,os,Home Assistant,7.22
2026-01-12,os,Raspberry Pi OS (32-bit),6.95
2026-01-12,os,Ubuntu,6.41
2026-01-12,os,Recalbox,2.69
2026-01-12,os,"Raspberry Pi OS (Legacy, 32-bit)",2.04
2026-01-12,os,OctoPi,1.81
2026-01-12,os,Bootloader (Pi 5 family),1.32
2026-01-12,os,Bootloader (Pi 4 family),1.23
2026-01-12,os,Mainsail OS,1.07
2026-01-12,os,LibreELEC,0.96
2026-01-12,os,Kali Linux,0.86
2026-01-12,os,moOde audio player,0.75
2026-01-12,os,DietPi,0.75
2026-01-12,os,Volumio,0.58
2026-01-12,os,PINN,0.50
2026-01-12,os,Homebridge,0.41
2026-01-12,os,Android by emteria,0.35
2026-01-12,os,Alpine Linux,0.31
2026-01-12,os,piCorePlayer,0.31
2026-01-12,os,Armbian OS,0.31
2026-01-12,os,DAKboard,0.25
2026-01-12,os,OSMC,0.24
2026-01-12,os,FullPageOS,0.21
2026-01-12,os,Bass ARM (Android),0.17
2026-01-12,os,OctoKlipperPi,0.16
2026-01-12,os,openHAB,0.15
2026-01-12,os,Falcon Player (FPP),0.12
2026-01-12,os,RaspAP,0.12
2026-01-12,os,Homey Self-Hosted Server,0.11
2026-01-12,os,Anthias,0.11
2026-01-12,os,OpenCCU,0.10
2026-01-12,os,RISC OS Pi,0.09
2026-01-12,os,Ultramarine Linux,0.09
2026-01-12,os,ADS-B Feeder Image,0.06
2026-01-12,os,eBlockerOS,0.05
2026-01-12,os,evcc,0.05
2026-01-12,os,"SimplyPrint - 3D print anywhere, smarter",0.04
2026-01-12,os,FreedomBox,0.04
2026-01-12,os,Yodeck Digital Signage,0.03
2026-01-12,os,Apertis,0.03
2026-01-12,os,nymea,0.02
2026-01-12,os,Repetier-Server,0.02
2026-01-12,os,LoLaOS,0.02
2026-01-12,os,MoodleBox,0.02
2026-01-12,os,Misc utility images,0.02
2026-01-12,os,Gladys Assistant,0.02
2026-01-12,os,SatNOGS,0.02
2026-01-12,os,VEX Tournament Manager,0.02
2026-01-12,os,Screenly Digital Signage,0.02
2026-01-12,host_arch,x86_64,83.09
2026-01-12,host_arch,arm64,16.80
2026-01-12,host_arch,arm,0.07
2026-01-12,host_arch,i386,0.04
2026-01-12,locale,en_US,41.48
2026-01-12,locale,de_DE,14.12
2026-01-12,locale,en_GB,9.47
2026-01-12,locale,fr_FR,5.19
2026-01-12,locale,zh_CN,2.88
2026-01-12,locale,es_ES,2.52
2026-01-12,locale,ja_JP,2.39
2026-01-12,locale,ru_RU,2.35
2026-01-12,locale,it_IT,2.08
2026-01-12,locale,nl_NL,1.81
2026-01-12,locale,pl_PL,1.58
2026-01-12,locale,en,1.51
2026-01-12,locale,pt_BR,1.30
2026-01-12,locale,ko_KR,0.99
2026-01-12,locale,tr_TR,0.82
2026-01-12,locale,es_MX,0.81
2026-01-12,locale,cs_CZ,0.80
2026-01-12,locale,en_IN,0.79
2026-01-12,locale,sv_SE,0.74
2026-01-12,locale,en_CA,0.70
2026-01-12,locale,en_AU,0.59
2026-01-12,locale,zh_TW,0.54
2026-01-12,locale,hu_HU,0.40
2026-01-12,locale,da_DK,0.37
2026-01-12,locale,pt_PT,0.36
2026-01-12,locale,uk_UA,0.29
2026-01-12,locale,de_AT,0.26
2026-01-12,locale,nb_NO,0.26
2026-01-12,locale,fr_CA,0.23
2026-01-12,locale,sk_SK,0.23
2026-01-12,locale,en_DE,0.22
2026-01-12,locale,de_CH,0.21
2026-01-12,locale,de,0.21
2026-01-12,locale,fi_FI,0.20
2026-01-12,locale,en_NL,0.15
2026-01-12,locale,el_GR,0.12
2026-01-12,locale,nl_BE,0.09
2026-01-12,locale,en_NZ,0.09
2026-01-12,locale,en_ZA,0.08
2026-01-12,locale,fr,0.08
2026-01-12,locale,fr_BE,0.07
2026-01-12,locale,en_IE,0.07
2026-01-12,locale,sl_SI,0.07
2026-01-12,locale,en_SE,0.07
2026-01-12,locale,en_CH,0.07
2026-01-12,locale,en_SG,0.06
2026-01-12,locale,es_AR,0.06
2026-01-12,locale,en_IL,0.06
2026-01-12,locale,fr_CH,0.06
2026-01-12,locale,ro_RO,0.06
2026-01-12,locale,he_IL,0.05
2026-01-24,os,Raspberry Pi OS (64-bit),35.43
2026-01-24,os,Raspberry Pi OS (other),24.84
2026-01-24,os,Home Assistant,7.41
2026-01-24,os,Raspberry Pi OS (32-bit),6.98
2026-01-24,os,Ubuntu,6.57
2026-01-24,os,Recalbox,2.66
2026-01-24,os,"Raspberry Pi OS (Legacy, 32-bit)",2.08
2026-01-24,os,OctoPi,1.81
2026-01-24,os,Bootloader (Pi 5 family),1.28
2026-01-24,os,Bootloader (Pi 4 family),1.23
2026-01-24,os,Mainsail OS,1.09
2026-01-24,os,LibreELEC,0.95
2026-01-24,os,Kali Linux,0.88
2026-01-24,os,DietPi,0.85
2026-01-24,os,moOde audio player,0.70
2026-01-24,os,Volumio,0.57
2026-01-24,os,PINN,0.49
2026-01-24,os,Homebridge,0.40
2026-01-24,os,Android by emteria,0.38
2026-01-24,os,piCorePlayer,0.31
2026-01-24,os,Armbian OS,0.31
2026-01-24,os,Alpine Linux,0.30
2026-01-24,os,DAKboard,0.25
2026-01-24,os,OSMC,0.24
2026-01-24,os,FullPageOS,0.23
2026-01-24,os,Bass ARM (Android),0.18
2026-01-24,os,OctoKlipperPi,0.17
2026-01-24,os,RaspAP,0.16
2026-01-24,os,openHAB,0.15
2026-01-24,os,Anthias,0.12
2026-01-24,os,OpenCCU,0.11
2026-01-24,os,Ultramarine Linux,0.10
2026-01-24,os,RISC OS Pi,0.10
2026-01-24,os,Falcon Player (FPP),0.09
2026-01-24,os,Homey Self-Hosted Server,0.09
2026-01-24,os,ADS-B Feeder Image,0.07
2026-01-24,os,eBlockerOS,0.06
2026-01-24,os,evcc,0.05
2026-01-24,os,FreedomBox,0.04
2026-01-24,os,"SimplyPrint - 3D print anywhere, smarter",0.04
2026-01-24,os,Yodeck Digital Signage,0.03
2026-01-24,os,Apertis,0.03
2026-01-24,os,LoLaOS,0.02
2026-01-24,os,MoodleBox,0.02
2026-01-24,os,Repetier-Server,0.02
2026-01-24,os,nymea,0.02
2026-01-24,os,VEX Tournament Manager,0.02
2026-01-24,os,Gladys Assistant,0.02
2026-01-24,os,Screenly Digital Signage,0.02
2026-01-24,os,SatNOGS,0.02
2026-01-24,os,Misc utility images,0.02
2026-01-24,host_arch,x86_64,83.20
2026-01-24,host_arch,arm64,16.69
2026-01-24,host_arch,arm,0.07
2026-01-24,host_arch,i386,0.04
2026-01-24,locale,en_US,41.65
2026-01-24,locale,de_DE,13.78
2026-01-24,locale,en_GB,9.47
2026-01-24,locale,fr_FR,5.18
2026-01-24,locale,zh_CN,2.86
2026-01-24,locale,es_ES,2.58
2026-01-24,locale,ru_RU,2.45
2026-01-24,locale,ja_JP,2.38
2026-01-24,locale,it_IT,2.11
2026-01-24,locale,nl_NL,1.79
2026-01-24,locale,pl_PL,1.59
2026-01-24,locale,en,1.52
2026-01-24,locale,pt_BR,1.34
2026-01-24,locale,ko_KR,1.04
2026-01-24,locale,es_MX,0.87
2026-01-24,locale,cs_CZ,0.81
2026-01-24,locale,tr_TR,0.80
2026-01-24,locale,en_IN,0.75
2026-01-24,locale,sv_SE,0.74
2026-01-24,locale,en_CA,0.68
2026-01-24,locale,en_AU,0.59
2026-01-24,locale,zh_TW,0.52
2026-01-24,locale,hu_HU,0.40
2026-01-24,locale,pt_PT,0.38
2026-01-24,locale,da_DK,0.36
2026-01-24,locale,uk_UA,0.30
2026-01-24,locale,nb_NO,0.27
2026-01-24,locale,de_AT,0.25
2026-01-24,locale,sk_SK,0.23
2026-01-24,locale,fr_CA,0.23
2026-01-24,locale,en_DE,0.21
2026-01-24,locale,fi_FI,0.20
2026-01-24,locale,de_CH,0.19
2026-01-24,locale,de,0.19
2026-01-24,locale,en_NL,0.14
2026-01-24,locale,el_GR,0.11
2026-01-24,locale,en_ZA,0.09
2026-01-24,locale,en_NZ,0.09
2026-01-24,locale,nl_BE,0.09
2026-01-24,locale,fr,0.08
2026-01-24,locale,sl_SI,0.07
2026-01-24,locale,en_IE,0.07
2026-01-24,locale,fr_BE,0.07
2026-01-24,locale,en_SE,0.07
2026-01-24,locale,es_AR,0.06
2026-01-24,locale,en_SG,0.06
2026-01-24,locale,en_CH,0.06
2026-01-24,locale,en_IL,0.06
2026-01-24,locale,he_IL,0.06
2026-01-24,locale,th_TH,0.06
2026-01-24,locale,ro_RO,0.05
2026-02-01,os,Raspberry Pi OS (64-bit),35.17
2026-02-01,os,Raspberry Pi OS (other),24.86
2026-02-01,os,Home Assistant,7.40
2026-02-01,os,Raspberry Pi OS (32-bit),7.08
2026-02-01,os,Ubuntu,6.76
2026-02-01,os,Recalbox,2.48
2026-02-01,os,"Raspberry Pi OS (Legacy, 32-bit)",2.15
2026-02-01,os,OctoPi,1.79
2026-02-01,os,Bootloader (Pi 5 family),1.30
2026-02-01,os,Bootloader (Pi 4 family),1.29
2026-02-01,os,Mainsail OS,1.08
2026-02-01,os,LibreELEC,0.93
2026-02-01,os,DietPi,0.90
2026-02-01,os,Kali Linux,0.90
2026-02-01,os,moOde audio player,0.67
2026-02-01,os,Volumio,0.56
2026-02-01,os,PINN,0.48
2026-02-01,os,Homebridge,0.39
2026-02-01,os,Android by emteria,0.38
2026-02-01,os,piCorePlayer,0.32
2026-02-01,os,Alpine Linux,0.31
2026-02-01,os,Armbian OS,0.30
2026-02-01,os,OSMC,0.24
2026-02-01,os,DAKboard,0.24
2026-02-01,os,FullPageOS,0.23
2026-02-01,os,RaspAP,0.19
2026-02-01,os,OctoKlipperPi,0.17
2026-02-01,os,Bass ARM (Android),0.16
2026-02-01,os,openHAB,0.15
2026-02-01,os,Anthias,0.13
2026-02-01,os,OpenCCU,0.12
2026-02-01,os,Ultramarine Linux,0.11
2026-02-01,os,RISC OS Pi,0.10
2026-02-01,os,Falcon Player (FPP),0.08
2026-02-01,os,Homey Self-Hosted Server,0.07
2026-02-01,os,ADS-B Feeder Image,0.06
2026-02-01,os,evcc,0.06
2026-02-01,os,eBlockerOS,0.05
2026-02-01,os,FreedomBox,0.04
2026-02-01,os,"SimplyPrint - 3D print anywhere, smarter",0.04
2026-02-01,os,Yodeck Digital Signage,0.04
2026-02-01,os,VEX Tournament Manager,0.03
2026-02-01,os,Apertis,0.03
2026-02-01,os,Repetier-Server,0.03
2026-02-01,os,MoodleBox,0.02
2026-02-01,os,LoLaOS,0.02
2026-02-01,os,Gladys Assistant,0.02
2026-02-01,os,Screenly Digital Signage,0.02
2026-02-01,os,SatNOGS,0.02
2026-02-01,os,nymea,0.02
2026-02-01,os,3DPrinterOS,0.02
2026-02-01,host_arch,x86_64,82.82
2026-02-01,host_arch,arm64,17.07
2026-02-01,host_arch,arm,0.07
2026-02-01,host_arch,i386,0.03
2026-02-01,locale,en_US,41.33
2026-02-01,locale,de_DE,13.65
2026-02-01,locale,en_GB,9.49
2026-02-01,locale,fr_FR,5.21
2026-02-01,locale,zh_CN,2.96
2026-02-01,locale,es_ES,2.70
2026-02-01,locale,ru_RU,2.63
2026-02-01,locale,ja_JP,2.31
2026-02-01,locale,it_IT,2.12
2026-02-01,locale,nl_NL,1.75
2026-02-01,locale,pl_PL,1.53
2026-02-01,locale,en,1.53
2026-02-01,locale,pt_BR,1.40
2026-02-01,locale,ko_KR,1.06
2026-02-01,locale,es_MX,0.91
2026-02-01,locale,tr_TR,0.81
2026-02-01,locale,cs_CZ,0.77
2026-02-01,locale,en_IN,0.76
2026-02-01,locale,sv_SE,0.72
2026-02-01,locale,en_CA,0.66
2026-02-01,locale,en_AU,0.61
2026-02-01,locale,zh_TW,0.52
2026-02-01,locale,hu_HU,0.39
2026-02-01,locale,pt_PT,0.38
2026-02-01,locale,da_DK,0.37
2026-02-01,locale,uk_UA,0.31
2026-02-01,locale,nb_NO,0.27
2026-02-01,locale,de_AT,0.25
2026-02-01,locale,sk_SK,0.23
2026-02-01,locale,fr_CA,0.23
2026-02-01,locale,en_DE,0.22
2026-02-01,locale,fi_FI,0.21
2026-02-01,locale,de_CH,0.20
2026-02-01,locale,de,0.18
2026-02-01,locale,en_NL,0.14
2026-02-01,locale,el_GR,0.11
2026-02-01,locale,en_ZA,0.10
2026-02-01,locale,en_NZ,0.09
2026-02-01,locale,nl_BE,0.09
2026-02-01,locale,fr,0.09
2026-02-01,locale,sl_SI,0.08
2026-02-01,locale,en_IE,0.07
2026-02-01,locale,es_AR,0.07
2026-02-01,locale,fr_BE,0.07
2026-02-01,locale,en_SE,0.07
2026-02-01,locale,ar_SA,0.06
2026-02-01,locale,en_SG,0.06
2026-02-01,locale,th_TH,0.06
2026-02-01,locale,en_IL,0.06
2026-02-01,locale,en_CH,0.06
2026-02-01,locale,en_PH,0.06
2026-02-14,os,Raspberry Pi OS (64-bit),35.47
2026-02-14,os,Raspberry Pi OS (other),24.61
2026-02-14,os,Ubuntu,7.23
2026-02-14,os,Raspberry Pi OS (32-bit),7.14
2026-02-14,os,Home Assistant,6.99
2026-02-14,os,Recalbox,2.38
2026-02-14,os,"Raspberry Pi OS (Legacy, 32-bit)",2.21
2026-02-14,os,OctoPi,1.59
2026-02-14,os,Bootloader (Pi 4 family),1.41
2026-02-14,os,Bootloader (Pi 5 family),1.39
2026-02-14,os,DietPi,0.98
2026-02-14,os,Mainsail OS,0.98
2026-02-14,os,Kali Linux,0.94
2026-02-14,os,LibreELEC,0.90
2026-02-14,os,moOde audio player,0.63
2026-02-14,os,Volumio,0.54
2026-02-14,os,PINN,0.48
2026-02-14,os,Android by emteria,0.37
2026-02-14,os,Homebridge,0.35
2026-02-14,os,Alpine Linux,0.33
2026-02-14,os,Armbian OS,0.32
2026-02-14,os,piCorePlayer,0.31
2026-02-14,os,FullPageOS,0.23
2026-02-14,os,OSMC,0.23
2026-02-14,os,RaspAP,0.22
2026-02-14,os,DAKboard,0.21
2026-02-14,os,Bass ARM (Android),0.16
2026-02-14,os,Anthias,0.15
2026-02-14,os,OctoKlipperPi,0.15
2026-02-14,os,openHAB,0.13
2026-02-14,os,Ultramarine Linux,0.12
2026-02-14,os,OpenCCU,0.11
2026-02-14,os,RISC OS Pi,0.10
2026-02-14,os,Falcon Player (FPP),0.07
2026-02-14,os,ADS-B Feeder Image,0.06
2026-02-14,os,Homey Self-Hosted Server,0.06
2026-02-14,os,FreedomBox,0.05
2026-02-14,os,evcc,0.05
2026-02-14,os,"SimplyPrint - 3D print anywhere, smarter",0.04
2026-02-14,os,eBlockerOS,0.04
2026-02-14,os,VEX Tournament Manager,0.04
2026-02-14,os,Yodeck Digital Signage,0.03
2026-02-14,os,Apertis,0.03
2026-02-14,os,Gladys Assistant,0.03
2026-02-14,os,MoodleBox,0.03
2026-02-14,os,LoLaOS,0.02
2026-02-14,os,Screenly Digital Signage,0.02
2026-02-14,os,Repetier-Server,0.02
2026-02-14,os,SatNOGS,0.02
2026-02-14,os,3DPrinterOS,0.02
2026-02-14,os,Misc utility images,0.01
2026-02-14,host_arch,x86_64,82.01
2026-02-14,host_arch,arm64,17.88
2026-02-14,host_arch,arm,0.08
2026-02-14,host_arch,i386,0.04
2026-02-14,locale,en_US,41.13
2026-02-14,locale,de_DE,13.23
2026-02-14,locale,en_GB,9.46
2026-02-14,locale,fr_FR,5.09
2026-02-14,locale,zh_CN,3.20
2026-02-14,locale,ru_RU,2.83
2026-02-14,locale,es_ES,2.80
2026-02-14,locale,ja_JP,2.28
2026-02-14,locale,it_IT,2.11
2026-02-14,locale,nl_NL,1.68
2026-02-14,locale,en,1.58
2026-02-14,locale,pl_PL,1.51
2026-02-14,locale,pt_BR,1.45
2026-02-14,locale,ko_KR,1.12
2026-02-14,locale,es_MX,0.96
2026-02-14,locale,tr_TR,0.87
2026-02-14,locale,en_IN,0.80
2026-02-14,locale,cs_CZ,0.77
2026-02-14,locale,sv_SE,0.67
2026-02-14,locale,en_CA,0.65
2026-02-14,locale,en_AU,0.61
2026-02-14,locale,zh_TW,0.54
2026-02-14,locale,pt_PT,0.40
2026-02-14,locale,hu_HU,0.39
2026-02-14,locale,da_DK,0.35
2026-02-14,locale,uk_UA,0.33
2026-02-14,locale,nb_NO,0.26
2026-02-14,locale,de_AT,0.25
2026-02-14,locale,fr_CA,0.24
2026-02-14,locale,sk_SK,0.23
2026-02-14,locale,en_DE,0.22
2026-02-14,locale,fi_FI,0.21
2026-02-14,locale,de_CH,0.20
2026-02-14,locale,de,0.19
2026-02-14,locale,en_NL,0.15
2026-02-14,locale,en_ZA,0.11
2026-02-14,locale,el_GR,0.10
2026-02-14,locale,ar_SA,0.09
2026-02-14,locale,en_NZ,0.09
2026-02-14,locale,fr,0.09
2026-02-14,locale,nl_BE,0.08
2026-02-14,locale,en_IL,0.07
2026-02-14,locale,es_AR,0.07
2026-02-14,locale,en_SE,0.07
2026-02-14,locale,sl_SI,0.07
2026-02-14,locale,en_IE,0.07
2026-02-14,locale,en_PH,0.07
2026-02-14,locale,en_SG,0.07
2026-02-14,locale,fr_BE,0.06
2026-02-14,locale,th_TH,0.06
2026-02-14,locale,en_CH,0.06
2026-03-14,os,Raspberry Pi OS (64-bit),35.92
2026-03-14,os,Raspberry Pi OS (other),24.65
2026-03-14,os,Ubuntu,7.47
2026-03-14,os,Raspberry Pi OS (32-bit),6.77
2026-03-14,os,Home Assistant,6.36
2026-03-14,os,"Raspberry Pi OS (Legacy, 32-bit)",2.13
2026-03-14,os,Recalbox,2.11
2026-03-14,os,Bootloader (Pi 4 family),1.46
2026-03-14,os,OctoPi,1.44
2026-03-14,os,Bootloader (Pi 5 family),1.36
2026-03-14,os,RetroPie,1.22
2026-03-14,os,DietPi,1.05
2026-03-14,os,Mainsail OS,0.91
2026-03-14,os,Kali Linux,0.91
2026-03-14,os,LibreELEC,0.84
2026-03-14,os,moOde audio player,0.63
2026-03-14,os,Volumio,0.52
2026-03-14,os,PINN,0.44
2026-03-14,os,Armbian OS,0.35
2026-03-14,os,Android by emteria,0.33
2026-03-14,os,Alpine Linux,0.31
2026-03-14,os,Homebridge,0.29
2026-03-14,os,piCorePlayer,0.28
2026-03-14,os,FullPageOS,0.23
2026-03-14,os,OSMC,0.22
2026-03-14,os,RaspAP,0.22
2026-03-14,os,DAKboard,0.19
2026-03-14,os,Bass ARM (Android),0.15
2026-03-14,os,Anthias,0.13
2026-03-14,os,OctoKlipperPi,0.13
2026-03-14,os,Ultramarine Linux,0.11
2026-03-14,os,openHAB,0.11
2026-03-14,os,RISC OS Pi,0.10
2026-03-14,os,OpenCCU,0.09
2026-03-14,os,evcc,0.07
2026-03-14,os,ADS-B Feeder Image,0.05
2026-03-14,os,Homey Self-Hosted Server,0.05
2026-03-14,os,FreedomBox,0.05
2026-03-14,os,Yodeck Digital Signage,0.05
2026-03-14,os,Falcon Player (FPP),0.04
2026-03-14,os,eBlockerOS,0.04
2026-03-14,os,"SimplyPrint - 3D print anywhere, smarter",0.04
2026-03-14,os,Apertis,0.03
2026-03-14,os,MoodleBox,0.03
2026-03-14,os,LoLaOS,0.02
2026-03-14,os,Gladys Assistant,0.02
2026-03-14,os,Screenly Digital Signage,0.02
2026-03-14,os,Repetier-Server,0.02
2026-03-14,os,SatNOGS,0.02
2026-03-14,os,Misc utility images,0.02
2026-03-14,os,VEX Tournament Manager,0.02
2026-03-14,host_arch,x86_64,81.44
2026-03-14,host_arch,arm64,18.45
2026-03-14,host_arch,arm,0.07
2026-03-14,host_arch,i386,0.04
2026-03-14,locale,en_US,41.70
2026-03-14,locale,de_DE,12.19
2026-03-14,locale,en_GB,9.26
2026-03-14,locale,fr_FR,4.99
2026-03-14,locale,zh_CN,3.98
2026-03-14,locale,ru_RU,2.80
2026-03-14,locale,es_ES,2.68
2026-03-14,locale,ja_JP,2.31
2026-03-14,locale,it_IT,2.04
2026-03-14,locale,nl_NL,1.62
2026-03-14,locale,pt_BR,1.62
2026-03-14,locale,en,1.56
2026-03-14,locale,pl_PL,1.43
2026-03-14,locale,ko_KR,1.21
2026-03-14,locale,es_MX,1.06
2026-03-14,locale,tr_TR,0.88
2026-03-14,locale,en_IN,0.86
2026-03-14,locale,en_CA,0.67
2026-03-14,locale,cs_CZ,0.67
2026-03-14,locale,sv_SE,0.67
2026-03-14,locale,en_AU,0.65
2026-03-14,locale,zh_TW,0.63
2026-03-14,locale,pt_PT,0.36
2026-03-14,locale,hu_HU,0.36
2026-03-14,locale,uk_UA,0.36
2026-03-14,locale,da_DK,0.34
2026-03-14,locale,nb_NO,0.27
2026-03-14,locale,fr_CA,0.24
2026-03-14,locale,de_AT,0.23
2026-03-14,locale,en_DE,0.22
2026-03-14,locale,sk_SK,0.21
2026-03-14,locale,fi_FI,0.20
2026-03-14,locale,de_CH,0.18
2026-03-14,locale,de,0.18
2026-03-14,locale,en_NL,0.15
2026-03-14,locale,el_GR,0.12
2026-03-14,locale,en_ZA,0.10
2026-03-14,locale,fr,0.09
2026-03-14,locale,en_NZ,0.09
2026-03-14,locale,es_AR,0.08
2026-03-14,locale,en_IE,0.07
2026-03-14,locale,en_PH,0.07
2026-03-14,locale,fr_BE,0.07
2026-03-14,locale,nl_BE,0.07
2026-03-14,locale,sl_SI,0.07
2026-03-14,locale,en_IL,0.07
2026-03-14,locale,en_CH,0.07
2026-03-14,locale,ar_SA,0.07
2026-03-14,locale,en_SG,0.06
2026-03-14,locale,en_SE,0.06
2026-03-14,locale,en_DK,0.06
2026-03-20,os,Raspberry Pi OS (64-bit),36.25
2026-03-20,os,Raspberry Pi OS (other),24.75
2026-03-20,os,Ubuntu,7.52
2026-03-20,os,Raspberry Pi OS (32-bit),6.78
2026-03-20,os,Home Assistant,6.13
2026-03-20,os,"Raspberry Pi OS (Legacy, 32-bit)",2.10
2026-03-20,os,Recalbox,1.88
2026-03-20,os,Bootloader (Pi 4 family),1.50
2026-03-20,os,OctoPi,1.38
2026-03-20,os,RetroPie,1.36
2026-03-20,os,Bootloader (Pi 5 family),1.34
2026-03-20,os,DietPi,1.04
2026-03-20,os,Mainsail OS,0.92
2026-03-20,os,Kali Linux,0.89
2026-03-20,os,LibreELEC,0.82
2026-03-20,os,moOde audio player,0.63
2026-03-20,os,Volumio,0.50
2026-03-20,os,PINN,0.43
2026-03-20,os,Armbian OS,0.35
2026-03-20,os,Android by emteria,0.32
2026-03-20,os,Alpine Linux,0.30
2026-03-20,os,Homebridge,0.29
2026-03-20,os,piCorePlayer,0.28
2026-03-20,os,FullPageOS,0.23
2026-03-20,os,OSMC,0.22
2026-03-20,os,RaspAP,0.21
2026-03-20,os,DAKboard,0.19
2026-03-20,os,Bass ARM (Android),0.14
2026-03-20,os,Anthias,0.13
2026-03-20,os,OctoKlipperPi,0.12
2026-03-20,os,Ultramarine Linux,0.12
2026-03-20,os,openHAB,0.10
2026-03-20,os,RISC OS Pi,0.10
2026-03-20,os,evcc,0.09
2026-03-20,os,OpenCCU,0.08
2026-03-20,os,ADS-B Feeder Image,0.06
2026-03-20,os,Homey Self-Hosted Server,0.05
2026-03-20,os,Yodeck Digital Signage,0.05
2026-03-20,os,FreedomBox,0.05
2026-03-20,os,Falcon Player (FPP),0.04
2026-03-20,os,"SimplyPrint - 3D print anywhere, smarter",0.04
2026-03-20,os,eBlockerOS,0.04
2026-03-20,os,Apertis,0.03
2026-03-20,os,MoodleBox,0.03
2026-03-20,os,LoLaOS,0.02
2026-03-20,os,Screenly Digital Signage,0.02
2026-03-20,os,Gladys Assistant,0.02
2026-03-20,os,SatNOGS,0.02
2026-03-20,os,Repetier-Server,0.02
2026-03-20,os,Misc utility images,0.02
2026-03-20,os,VEX Tournament Manager,0.01
2026-03-20,host_arch,x86_64,81.68
2026-03-20,host_arch,arm64,18.21
2026-03-20,host_arch,arm,0.08
2026-03-20,host_arch,i386,0.04
2026-03-20,locale,en_US,41.26
2026-03-20,locale,de_DE,11.83
2026-03-20,locale,en_GB,9.10
2026-03-20,locale,fr_FR,4.91
2026-03-20,locale,zh_CN,4.87
2026-03-20,locale,ru_RU,2.81
2026-03-20,locale,es_ES,2.68
2026-03-20,locale,ja_JP,2.29
2026-03-20,locale,it_IT,2.04
2026-03-20,locale,pt_BR,1.66
2026-03-20,locale,nl_NL,1.58
2026-03-20,locale,en,1.52
2026-03-20,locale,pl_PL,1.42
2026-03-20,locale,ko_KR,1.40
2026-03-20,locale,es_MX,1.09
2026-03-20,locale,tr_TR,0.87
2026-03-20,locale,en_IN,0.86
2026-03-20,locale,zh_TW,0.71
2026-03-20,locale,en_CA,0.68
2026-03-20,locale,sv_SE,0.66
2026-03-20,locale,cs_CZ,0.66
2026-03-20,locale,en_AU,0.65
2026-03-20,locale,pt_PT,0.36
2026-03-20,locale,uk_UA,0.36
2026-03-20,locale,hu_HU,0.35
2026-03-20,locale,da_DK,0.34
2026-03-20,locale,nb_NO,0.28
2026-03-20,locale,fr_CA,0.24
2026-03-20,locale,de_AT,0.23
2026-03-20,locale,sk_SK,0.21
2026-03-20,locale,en_DE,0.21
2026-03-20,locale,fi_FI,0.19
2026-03-20,locale,de_CH,0.18
2026-03-20,locale,de,0.16
2026-03-20,locale,en_NL,0.15
2026-03-20,locale,el_GR,0.12
2026-03-20,locale,en_ZA,0.10
2026-03-20,locale,fr,0.09
2026-03-20,locale,en_NZ,0.09
2026-03-20,locale,es_AR,0.08
2026-03-20,locale,en_IE,0.07
2026-03-20,locale,fr_BE,0.07
2026-03-20,locale,en_SG,0.07
2026-03-20,locale,sl_SI,0.07
2026-03-20,locale,en_IL,0.07
2026-03-20,locale,ar_SA,0.07
2026-03-20,locale,en_SE,0.06
2026-03-20,locale,nl_BE,0.06
2026-03-20,locale,en_CH,0.06
2026-03-20,locale,en_DK,0.06
2026-03-20,locale,th_TH,0.06
2026-04-14,os,Raspberry Pi OS (64-bit),35.69
2026-04-14,os,Raspberry Pi OS (other),24.76
2026-04-14,os,Ubuntu,7.40
2026-04-14,os,Raspberry Pi OS (32-bit),6.80
2026-04-14,os,Home Assistant,6.29
2026-04-14,os,"Raspberry Pi OS (Legacy, 32-bit)",2.04
2026-04-14,os,Recalbox,1.83
2026-04-14,os,Bootloader (Pi 4 family),1.65
2026-04-14,os,Kali Linux,1.50
2026-04-14,os,Bootloader (Pi 5 family),1.39
2026-04-14,os,RetroPie,1.35
2026-04-14,os,OctoPi,1.29
2026-04-14,os,DietPi,1.04
2026-04-14,os,Mainsail OS,0.91
2026-04-14,os,LibreELEC,0.82
2026-04-14,os,moOde audio player,0.60
2026-04-14,os,Volumio,0.48
2026-04-14,os,PINN,0.42
2026-04-14,os,Armbian OS,0.35
2026-04-14,os,Android by emteria,0.33
2026-04-14,os,Alpine Linux,0.32
2026-04-14,os,Homebridge,0.29
2026-04-14,os,piCorePlayer,0.28
2026-04-14,os,FullPageOS,0.21
2026-04-14,os,RaspAP,0.21
2026-04-14,os,OSMC,0.20
2026-04-14,os,DAKboard,0.18
2026-04-14,os,Bass ARM (Android),0.13
2026-04-14,os,Anthias,0.13
2026-04-14,os,OctoKlipperPi,0.12
2026-04-14,os,Ultramarine Linux,0.12
2026-04-14,os,OpenCCU,0.11
2026-04-14,os,evcc,0.11
2026-04-14,os,RISC OS Pi,0.09
2026-04-14,os,openHAB,0.09
2026-04-14,os,ADS-B Feeder Image,0.06
2026-04-14,os,Homey Self-Hosted Server,0.05
2026-04-14,os,FreedomBox,0.04
2026-04-14,os,Yodeck Digital Signage,0.04
2026-04-14,os,eBlockerOS,0.04
2026-04-14,os,Falcon Player (FPP),0.04
2026-04-14,os,"SimplyPrint - 3D print anywhere, smarter",0.03
2026-04-14,os,Apertis,0.03
2026-04-14,os,MoodleBox,0.02
2026-04-14,os,Repetier-Server,0.02
2026-04-14,os,Gladys Assistant,0.02
2026-04-14,os,SatNOGS,0.02
2026-04-14,os,Screenly Digital Signage,0.02
2026-04-14,os,LoLaOS,0.02
2026-04-14,os,3DPrinterOS,0.01
2026-04-14,os,Misc utility images,0.01
2026-04-14,host_arch,x86_64,82.19
2026-04-14,host_arch,arm64,17.68
2026-04-14,host_arch,arm,0.09
2026-04-14,host_arch,i386,0.04
2026-04-14,locale,en_US,40.94
2026-04-14,locale,de_DE,12.02
2026-04-14,locale,en_GB,8.99
2026-04-14,locale,zh_CN,5.27
2026-04-14,locale,fr_FR,4.90
2026-04-14,locale,ru_RU,2.80
2026-04-14,locale,es_ES,2.58
2026-04-14,locale,ja_JP,2.45
2026-04-14,locale,it_IT,1.97
2026-04-14,locale,pt_BR,1.65
2026-04-14,locale,nl_NL,1.59
2026-04-14,locale,en,1.52
2026-04-14,locale,pl_PL,1.49
2026-04-14,locale,ko_KR,1.44
2026-04-14,locale,es_MX,1.04
2026-04-14,locale,tr_TR,0.91
2026-04-14,locale,en_IN,0.82
2026-04-14,locale,zh_TW,0.71
2026-04-14,locale,en_CA,0.69
2026-04-14,locale,cs_CZ,0.67
2026-04-14,locale,en_AU,0.63
2026-04-14,locale,sv_SE,0.61
2026-04-14,locale,uk_UA,0.39
2026-04-14,locale,pt_PT,0.35
2026-04-14,locale,hu_HU,0.33
2026-04-14,locale,da_DK,0.31
2026-04-14,locale,nb_NO,0.24
2026-04-14,locale,de_AT,0.23
2026-04-14,locale,fr_CA,0.22
2026-04-14,locale,sk_SK,0.20
2026-04-14,locale,fi_FI,0.19
2026-04-14,locale,de,0.19
2026-04-14,locale,en_DE,0.19
2026-04-14,locale,de_CH,0.18
2026-04-14,locale,en_NL,0.13
2026-04-14,locale,el_GR,0.11
2026-04-14,locale,en_ZA,0.10
2026-04-14,locale,en_NZ,0.10
2026-04-14,locale,fr,0.09
2026-04-14,locale,en_SG,0.08
2026-04-14,locale,en_IE,0.07
2026-04-14,locale,es_AR,0.07
2026-04-14,locale,en_IL,0.07
2026-04-14,locale,ar_SA,0.07
2026-04-14,locale,sl_SI,0.07
2026-04-14,locale,nl_BE,0.07
2026-04-14,locale,fr_BE,0.06
2026-04-14,locale,fr_CH,0.06
2026-04-14,locale,vi_VN,0.06
2026-04-14,locale,th_TH,0.06
2026-04-14,locale,en_CH,0.06
2026-06-08,os,Raspberry Pi OS (64-bit),36.26
2026-06-08,os,Raspberry Pi OS (other),25.44
2026-06-08,os,Ubuntu,7.10
2026-06-08,os,Raspberry Pi OS (32-bit),6.52
2026-06-08,os,Home Assistant,6.37
2026-06-08,os,"Raspberry Pi OS (Legacy, 32-bit)",1.99
2026-06-08,os,Recalbox,1.75
2026-06-08,os,Bootloader (Pi 4 family),1.67
2026-06-08,os,Bootloader (Pi 5 family),1.45
2026-06-08,os,RetroPie,1.38
2026-06-08,os,OctoPi,1.18
2026-06-08,os,Mainsail OS,1.02
2026-06-08,os,DietPi,0.99
2026-06-08,os,LibreELEC,0.86
2026-06-08,os,Kali Linux,0.79
2026-06-08,os,moOde audio player,0.72
2026-06-08,os,Volumio,0.46
2026-06-08,os,PINN,0.42
2026-06-08,os,Armbian OS,0.33
2026-06-08,os,Homebridge,0.31
2026-06-08,os,Alpine Linux,0.30
2026-06-08,os,piCorePlayer,0.28
2026-06-08,os,Android by emteria,0.26
2026-06-08,os,OSMC,0.21
2026-06-08,os,RaspAP,0.21
2026-06-08,os,FullPageOS,0.20
2026-06-08,os,DAKboard,0.18
2026-06-08,os,OpenCCU,0.15
2026-06-08,os,Bass ARM (Android),0.13
2026-06-08,os,Anthias,0.12
2026-06-08,os,Ultramarine Linux,0.11
2026-06-08,os,OctoKlipperPi,0.10
2026-06-08,os,evcc,0.10
2026-06-08,os,RISC OS Pi,0.09
2026-06-08,os,openHAB,0.07
2026-06-08,os,Homey Self-Hosted Server,0.07
2026-06-08,os,ADS-B Feeder Image,0.05
2026-06-08,os,"SimplyPrint - 3D print anywhere, smarter",0.04
2026-06-08,os,Yodeck Digital Signage,0.04
2026-06-08,os,Falcon Player (FPP),0.04
2026-06-08,os,FreedomBox,0.04
2026-06-08,os,eBlockerOS,0.03
2026-06-08,os,Apertis,0.02
2026-06-08,os,Repetier-Server,0.02
2026-06-08,os,MoodleBox,0.02
2026-06-08,os,Gladys Assistant,0.02
2026-06-08,os,Screenly Digital Signage,0.02
2026-06-08,os,Misc utility images,0.02
2026-06-08,os,LoLaOS,0.01
2026-06-08,os,SatNOGS,0.01
2026-06-08,os,piCorePlayer Previous Release,0.01
2026-06-08,host_arch,x86_64,82.07
2026-06-08,host_arch,arm64,17.83
2026-06-08,host_arch,arm,0.07
2026-06-08,host_arch,i386,0.04
2026-06-08,locale,en_US,41.66
2026-06-08,locale,de_DE,11.81
2026-06-08,locale,en_GB,9.17
2026-06-08,locale,fr_FR,4.85
2026-06-08,locale,zh_CN,4.23
2026-06-08,locale,es_ES,2.83
2026-06-08,locale,ja_JP,2.71
2026-06-08,locale,ru_RU,2.62
2026-06-08,locale,pt_BR,1.96
2026-06-08,locale,it_IT,1.90
2026-06-08,locale,nl_NL,1.61
2026-06-08,locale,ko_KR,1.52
2026-06-08,locale,en,1.45
2026-06-08,locale,pl_PL,1.41
2026-06-08,locale,es_MX,1.29
2026-06-08,locale,tr_TR,0.92
2026-06-08,locale,en_IN,0.70
2026-06-08,locale,zh_TW,0.69
2026-06-08,locale,en_AU,0.67
2026-06-08,locale,cs_CZ,0.63
2026-06-08,locale,en_CA,0.62
2026-06-08,locale,sv_SE,0.53
2026-06-08,locale,uk_UA,0.41
2026-06-08,locale,pt_PT,0.38
2026-06-08,locale,hu_HU,0.33
2026-06-08,locale,da_DK,0.29
2026-06-08,locale,nb_NO,0.22
2026-06-08,locale,de_AT,0.21
2026-06-08,locale,en_DE,0.19
2026-06-08,locale,sk_SK,0.18
2026-06-08,locale,de_CH,0.17
2026-06-08,locale,fr_CA,0.17
2026-06-08,locale,de,0.16
2026-06-08,locale,fi_FI,0.15
2026-06-08,locale,en_NL,0.13
2026-06-08,locale,en_NZ,0.10
2026-06-08,locale,ar_SA,0.10
2026-06-08,locale,el_GR,0.10
2026-06-08,locale,en_ZA,0.10
2026-06-08,locale,en_IL,0.08
2026-06-08,locale,es_AR,0.08
2026-06-08,locale,fr,0.08
2026-06-08,locale,en_IE,0.07
2026-06-08,locale,he_IL,0.07
2026-06-08,locale,nl_BE,0.07
2026-06-08,locale,fr_BE,0.07
2026-06-08,locale,en_SG,0.06
2026-06-08,locale,ro_RO,0.06
2026-06-08,locale,ca_ES,0.06
2026-06-08,locale,sl_SI,0.06
2026-06-08,locale,en_SE,0.06
2026-08-17,os,Raspberry Pi OS (64-bit),36.34
2026-08-17,os,Raspberry Pi OS (other),25.90
2026-08-17,os,Home Assistant,6.89
2026-08-17,os,Raspberry Pi OS (32-bit),6.34
2026-08-17,os,Ubuntu,6.22
2026-08-17,os,"Raspberry Pi OS (Legacy, 32-bit)",1.89
2026-08-17,os,Recalbox,1.78
2026-08-17,os,Bootloader (Pi 4 family),1.75
2026-08-17,os,RetroPie,1.46
2026-08-17,os,Bootloader (Pi 5 family),1.40
2026-08-17,os,OctoPi,1.11
2026-08-17,os,DietPi,1.01
2026-08-17,os,LibreELEC,0.94
2026-08-17,os,Mainsail OS,0.84
2026-08-17,os,Kali Linux,0.76
2026-08-17,os,moOde audio player,0.65
2026-08-17,os,Volumio,0.44
2026-08-17,os,PINN,0.44
2026-08-17,os,Armbian OS,0.36
2026-08-17,os,Android by emteria,0.34
2026-08-17,os,Alpine Linux,0.31
2026-08-17,os,Homebridge,0.27
2026-08-17,os,piCorePlayer,0.27
2026-08-17,os,FullPageOS,0.22
2026-08-17,os,DAKboard,0.21
2026-08-17,os,RaspAP,0.21
2026-08-17,os,OSMC,0.21
2026-08-17,os,Anthias,0.19
2026-08-17,os,Ultramarine Linux,0.14
2026-08-17,os,Bass ARM (Android),0.14
2026-08-17,os,evcc,0.11
2026-08-17,os,OpenCCU,0.11
2026-08-17,os,RISC OS Pi,0.10
2026-08-17,os,openHAB,0.09
2026-08-17,os,OctoKlipperPi,0.08
2026-08-17,os,ADS-B Feeder Image,0.06
2026-08-17,os,Falcon Player (FPP),0.06
2026-08-17,os,Homey Self-Hosted Server,0.04
2026-08-17,os,FreedomBox,0.04
2026-08-17,os,"SimplyPrint - 3D print anywhere, smarter",0.03
2026-08-17,os,Yodeck Digital Signage,0.03
2026-08-17,os,Gladys Assistant,0.03
2026-08-17,os,Apertis,0.03
2026-08-17,os,eBlockerOS,0.03
2026-08-17,os,MoodleBox,0.02
2026-08-17,os,Repetier-Server,0.02
2026-08-17,os,Screenly Digital Signage,0.02
2026-08-17,os,SatNOGS,0.02
2026-08-17,os,Misc utility images,0.02
2026-08-17,os,LoLaOS,0.01
2026-08-17,os,3DPrinterOS,0.01
2026-08-17,host_arch,x86_64,81.65
2026-08-17,host_arch,arm64,18.26
2026-08-17,host_arch,arm,0.07
2026-08-17,host_arch,i386,0.03
2026-08-17,locale,en_US,43.10
2026-08-17,locale,de_DE,11.85
2026-08-17,locale,en_GB,9.57
2026-08-17,locale,fr_FR,4.35
2026-08-17,locale,zh_CN,3.86
2026-08-17,locale,ja_JP,2.66
2026-08-17,locale,es_ES,2.62
2026-08-17,locale,ru_RU,2.49
2026-08-17,locale,pt_BR,2.07
2026-08-17,locale,it_IT,1.76
2026-08-17,locale,nl_NL,1.50
2026-08-17,locale,en,1.38
2026-08-17,locale,pl_PL,1.33
2026-08-17,locale,es_MX,1.25
2026-08-17,locale,ko_KR,1.17
2026-08-17,locale,tr_TR,0.88
2026-08-17,locale,en_IN,0.73
2026-08-17,locale,en_AU,0.70
2026-08-17,locale,en_CA,0.64
2026-08-17,locale,zh_TW,0.62
2026-08-17,locale,cs_CZ,0.62
2026-08-17,locale,sv_SE,0.59
2026-08-17,locale,uk_UA,0.45
2026-08-17,locale,pt_PT,0.36
2026-08-17,locale,da_DK,0.33
2026-08-17,locale,hu_HU,0.32
2026-08-17,locale,nb_NO,0.24
2026-08-17,locale,fr_CA,0.20
2026-08-17,locale,fi_FI,0.20
2026-08-17,locale,de_AT,0.19
2026-08-17,locale,sk_SK,0.18
2026-08-17,locale,en_DE,0.18
2026-08-17,locale,de,0.16
2026-08-17,locale,de_CH,0.15
2026-08-17,locale,en_NL,0.13
2026-08-17,locale,en_NZ,0.10
2026-08-17,locale,en_ZA,0.10
2026-08-17,locale,es_AR,0.09
2026-08-17,locale,el_GR,0.09
2026-08-17,locale,ar_SA,0.07
2026-08-17,locale,fr,0.07
2026-08-17,locale,en_IL,0.07
2026-08-17,locale,en_IE,0.07
2026-08-17,locale,sl_SI,0.06
2026-08-17,locale,nl_BE,0.06
2026-08-17,locale,en_SG,0.06
2026-08-17,locale,fr_CH,0.06
2026-08-17,locale,es_CL,0.06
2026-08-17,locale,en_ID,0.06
2026-08-17,locale,en_SE,0.05
2026-08-17,locale,en_PH,0.05
2026-08-24,os,Raspberry Pi OS (64-bit),36.36
2026-08-24,os,Raspberry Pi OS (other),25.96
2026-08-24,os,Home Assistant,6.95
2026-08-24,os,Raspberry Pi OS (32-bit),6.29
2026-08-24,os,Ubuntu,6.12
2026-08-24,os,"Raspberry Pi OS (Legacy, 32-bit)",1.91
2026-08-24,os,Recalbox,1.81
2026-08-24,os,Bootloader (Pi 4 family),1.78
2026-08-24,os,RetroPie,1.47
2026-08-24,os,Bootloader (Pi 5 family),1.33
2026-08-24,os,OctoPi,1.14
2026-08-24,os,DietPi,1.02
2026-08-24,os,LibreELEC,0.93
2026-08-24,os,Mainsail OS,0.84
2026-08-24,os,Kali Linux,0.76
2026-08-24,os,moOde audio player,0.65
2026-08-24,os,Volumio,0.44
2026-08-24,os,PINN,0.41
2026-08-24,os,Armbian OS,0.40
2026-08-24,os,Android by emteria,0.32
2026-08-24,os,Alpine Linux,0.31
2026-08-24,os,Homebridge,0.28
2026-08-24,os,piCorePlayer,0.26
2026-08-24,os,DAKboard,0.22
2026-08-24,os,OSMC,0.21
2026-08-24,os,FullPageOS,0.21
2026-08-24,os,RaspAP,0.20
2026-08-24,os,Anthias,0.19
2026-08-24,os,Bass ARM (Android),0.13
2026-08-24,os,Ultramarine Linux,0.13
2026-08-24,os,evcc,0.12
2026-08-24,os,OpenCCU,0.10
2026-08-24,os,RISC OS Pi,0.10
2026-08-24,os,openHAB,0.08
2026-08-24,os,OctoKlipperPi,0.08
2026-08-24,os,Falcon Player (FPP),0.07
2026-08-24,os,ADS-B Feeder Image,0.06
2026-08-24,os,FreedomBox,0.04
2026-08-24,os,Homey Self-Hosted Server,0.04
2026-08-24,os,"SimplyPrint - 3D print anywhere, smarter",0.04
2026-08-24,os,Yodeck Digital Signage,0.03
2026-08-24,os,Apertis,0.03
2026-08-24,os,Gladys Assistant,0.03
2026-08-24,os,eBlockerOS,0.03
2026-08-24,os,MoodleBox,0.03
2026-08-24,os,Repetier-Server,0.02
2026-08-24,os,Screenly Digital Signage,0.02
2026-08-24,os,SatNOGS,0.02
2026-08-24,os,Misc utility images,0.01
2026-08-24,os,3DPrinterOS,0.01
2026-08-24,os,LoLaOS,0.01
2026-08-24,host_arch,x86_64,81.93
2026-08-24,host_arch,arm64,17.97
2026-08-24,host_arch,arm,0.07
2026-08-24,host_arch,i386,0.03
2026-08-24,locale,en_US,43.23
2026-08-24,locale,de_DE,11.78
2026-08-24,locale,en_GB,9.57
2026-08-24,locale,fr_FR,4.44
2026-08-24,locale,zh_CN,3.60
2026-08-24,locale,es_ES,2.70
2026-08-24,locale,ja_JP,2.63
2026-08-24,locale,ru_RU,2.47
2026-08-24,locale,pt_BR,2.12
2026-08-24,locale,it_IT,1.79
2026-08-24,locale,nl_NL,1.53
2026-08-24,locale,en,1.37
2026-08-24,locale,pl_PL,1.33
2026-08-24,locale,es_MX,1.32
2026-08-24,locale,ko_KR,1.17
2026-08-24,locale,tr_TR,0.86
2026-08-24,locale,en_IN,0.72
2026-08-24,locale,en_AU,0.66
2026-08-24,locale,en_CA,0.64
2026-08-24,locale,cs_CZ,0.62
2026-08-24,locale,zh_TW,0.62
2026-08-24,locale,sv_SE,0.59
2026-08-24,locale,uk_UA,0.45
2026-08-24,locale,pt_PT,0.36
2026-08-24,locale,hu_HU,0.33
2026-08-24,locale,da_DK,0.33
2026-08-24,locale,nb_NO,0.25
2026-08-24,locale,fr_CA,0.21
2026-08-24,locale,fi_FI,0.20
2026-08-24,locale,de_AT,0.19
2026-08-24,locale,sk_SK,0.19
2026-08-24,locale,en_DE,0.17
2026-08-24,locale,de_CH,0.16
2026-08-24,locale,de,0.15
2026-08-24,locale,en_NL,0.14
2026-08-24,locale,en_ZA,0.11
2026-08-24,locale,en_NZ,0.10
2026-08-24,locale,es_AR,0.09
2026-08-24,locale,el_GR,0.09
2026-08-24,locale,en_IL,0.07
2026-08-24,locale,fr,0.07
2026-08-24,locale,ar_SA,0.07
2026-08-24,locale,nl_BE,0.07
2026-08-24,locale,en_IE,0.07
2026-08-24,locale,sl_SI,0.06
2026-08-24,locale,en_SG,0.06
2026-08-24,locale,fr_CH,0.06
2026-08-24,locale,en_ID,0.06
2026-08-24,locale,th_TH,0.06
2026-08-24,locale,en_CH,0.06
2026-08-24,locale,es_CL,0.05
2026-08-31,os,Raspberry Pi OS (64-bit),36.49
2026-08-31,os,Raspberry Pi OS (other),25.93
2026-08-31,os,Home Assistant,6.96
2026-08-31,os,Raspberry Pi OS (32-bit),6.21
2026-08-31,os,Ubuntu,6.03
2026-08-31,os,"Raspberry Pi OS (Legacy, 32-bit)",1.91
2026-08-31,os,Recalbox,1.81
2026-08-31,os,Bootloader (Pi 4 family),1.81
2026-08-31,os,RetroPie,1.46
2026-08-31,os,Bootloader (Pi 5 family),1.28
2026-08-31,os,OctoPi,1.16
2026-08-31,os,DietPi,1.03
2026-08-31,os,LibreELEC,0.93
2026-08-31,os,Mainsail OS,0.85
2026-08-31,os,Kali Linux,0.76
2026-08-31,os,moOde audio player,0.66
2026-08-31,os,Armbian OS,0.44
2026-08-31,os,Volumio,0.43
2026-08-31,os,PINN,0.40
2026-08-31,os,Android by emteria,0.32
2026-08-31,os,Alpine Linux,0.31
2026-08-31,os,Homebridge,0.29
2026-08-31,os,piCorePlayer,0.24
2026-08-31,os,DAKboard,0.23
2026-08-31,os,OSMC,0.21
2026-08-31,os,FullPageOS,0.21
2026-08-31,os,Anthias,0.20
2026-08-31,os,RaspAP,0.19
2026-08-31,os,Bass ARM (Android),0.13
2026-08-31,os,Ultramarine Linux,0.12
2026-08-31,os,evcc,0.11
2026-08-31,os,RISC OS Pi,0.10
2026-08-31,os,Falcon Player (FPP),0.10
2026-08-31,os,OpenCCU,0.10
2026-08-31,os,openHAB,0.09
2026-08-31,os,OctoKlipperPi,0.08
2026-08-31,os,ADS-B Feeder Image,0.06
2026-08-31,os,Homey Self-Hosted Server,0.05
2026-08-31,os,FreedomBox,0.04
2026-08-31,os,"SimplyPrint - 3D print anywhere, smarter",0.04
2026-08-31,os,Yodeck Digital Signage,0.04
2026-08-31,os,Gladys Assistant,0.03
2026-08-31,os,eBlockerOS,0.03
2026-08-31,os,Apertis,0.03
2026-08-31,os,MoodleBox,0.02
2026-08-31,os,Repetier-Server,0.02
2026-08-31,os,SatNOGS,0.02
2026-08-31,os,Screenly Digital Signage,0.02
2026-08-31,os,Misc utility images,0.02
2026-08-31,os,3DPrinterOS,0.01
2026-08-31,os,LoLaOS,0.01
2026-08-31,host_arch,x86_64,82.36
2026-08-31,host_arch,arm64,17.55
2026-08-31,host_arch,arm,0.07
2026-08-31,host_arch,i386,0.03
2026-08-31,locale,en_US,42.97
2026-08-31,locale,de_DE,11.95
2026-08-31,locale,en_GB,9.54
2026-08-31,locale,fr_FR,4.63
2026-08-31,locale,zh_CN,3.39
2026-08-31,locale,es_ES,2.74
2026-08-31,locale,ja_JP,2.63
2026-08-31,locale,ru_RU,2.45
2026-08-31,locale,pt_BR,2.17
2026-08-31,locale,it_IT,1.83
2026-08-31,locale,nl_NL,1.57
2026-08-31,locale,en,1.36
2026-08-31,locale,pl_PL,1.34
2026-08-31,locale,es_MX,1.34
2026-08-31,locale,ko_KR,1.22
2026-08-31,locale,tr_TR,0.88
2026-08-31,locale,en_IN,0.67
2026-08-31,locale,zh_TW,0.63
2026-08-31,locale,en_AU,0.63
2026-08-31,locale,cs_CZ,0.63
2026-08-31,locale,en_CA,0.60
2026-08-31,locale,sv_SE,0.59
2026-08-31,locale,uk_UA,0.45
2026-08-31,locale,pt_PT,0.35
2026-08-31,locale,da_DK,0.34
2026-08-31,locale,hu_HU,0.32
2026-08-31,locale,nb_NO,0.27
2026-08-31,locale,fr_CA,0.22
2026-08-31,locale,fi_FI,0.19
2026-08-31,locale,de_AT,0.19
2026-08-31,locale,sk_SK,0.18
2026-08-31,locale,en_DE,0.17
2026-08-31,locale,de_CH,0.16
2026-08-31,locale,en_NL,0.14
2026-08-31,locale,de,0.14
2026-08-31,locale,en_ZA,0.11
2026-08-31,locale,en_NZ,0.09
2026-08-31,locale,el_GR,0.09
2026-08-31,locale,es_AR,0.08
2026-08-31,locale,nl_BE,0.07
2026-08-31,locale,fr,0.07
2026-08-31,locale,en_IL,0.07
2026-08-31,locale,ar_SA,0.07
2026-08-31,locale,th_TH,0.06
2026-08-31,locale,sl_SI,0.06
2026-08-31,locale,en_IE,0.06
2026-08-31,locale,en_CH,0.06
2026-08-31,locale,en_ID,0.06
2026-08-31,locale,en_PH,0.05
2026-08-31,locale,fr_BE,0.05
2026-08-31,locale,fr_CH,0.05
2026-09-07,os,Raspberry Pi OS (64-bit),36.73
2026-09-07,os,Raspberry Pi OS (other),25.89
2026-09-07,os,Home Assistant,6.75
2026-09-07,os,Raspberry Pi OS (32-bit),6.28
2026-09-07,os,Ubuntu,6.01
2026-09-07,os,"Raspberry Pi OS (Legacy, 32-bit)",1.88
2026-09-07,os,Bootloader (Pi 4 family),1.86
2026-09-07,os,Recalbox,1.84
2026-09-07,os,RetroPie,1.43
2026-09-07,os,Bootloader (Pi 5 family),1.25
2026-09-07,os,OctoPi,1.18
2026-09-07,os,DietPi,1.01
2026-09-07,os,LibreELEC,0.93
2026-09-07,os,Mainsail OS,0.86
2026-09-07,os,Kali Linux,0.74
2026-09-07,os,moOde audio player,0.67
2026-09-07,os,Armbian OS,0.46
2026-09-07,os,Volumio,0.42
2026-09-07,os,PINN,0.38
2026-09-07,os,Android by emteria,0.32
2026-09-07,os,Alpine Linux,0.30
2026-09-07,os,Homebridge,0.29
2026-09-07,os,DAKboard,0.24
2026-09-07,os,piCorePlayer,0.24
2026-09-07,os,OSMC,0.22
2026-09-07,os,FullPageOS,0.21
2026-09-07,os,Anthias,0.21
2026-09-07,os,RaspAP,0.19
2026-09-07,os,Bass ARM (Android),0.12
2026-09-07,os,Falcon Player (FPP),0.11
2026-09-07,os,evcc,0.11
2026-09-07,os,Ultramarine Linux,0.10
2026-09-07,os,OpenCCU,0.09
2026-09-07,os,RISC OS Pi,0.09
2026-09-07,os,openHAB,0.09
2026-09-07,os,OctoKlipperPi,0.08
2026-09-07,os,ADS-B Feeder Image,0.06
2026-09-07,os,Homey Self-Hosted Server,0.05
2026-09-07,os,Yodeck Digital Signage,0.04
2026-09-07,os,Gladys Assistant,0.04
2026-09-07,os,FreedomBox,0.04
2026-09-07,os,"SimplyPrint - 3D print anywhere, smarter",0.03
2026-09-07,os,eBlockerOS,0.03
2026-09-07,os,Apertis,0.03
2026-09-07,os,MoodleBox,0.03
2026-09-07,os,Screenly Digital Signage,0.02
2026-09-07,os,SatNOGS,0.02
2026-09-07,os,Repetier-Server,0.02
2026-09-07,os,Misc utility images,0.02
2026-09-07,os,LoLaOS,0.01
2026-09-07,os,3DPrinterOS,0.01
2026-09-07,host_arch,x86_64,82.63
2026-09-07,host_arch,arm64,17.27
2026-09-07,host_arch,arm,0.07
2026-09-07,host_arch,i386,0.03
2026-09-07,locale,en_US,42.77
2026-09-07,locale,de_DE,12.02
2026-09-07,locale,en_GB,9.55
2026-09-07,locale,fr_FR,4.67
2026-09-07,locale,zh_CN,3.36
2026-09-07,locale,es_ES,2.73
2026-09-07,locale,ja_JP,2.63
2026-09-07,locale,ru_RU,2.37
2026-09-07,locale,pt_BR,2.11
2026-09-07,locale,it_IT,1.88
2026-09-07,locale,nl_NL,1.60
2026-09-07,locale,es_MX,1.40
2026-09-07,locale,ko_KR,1.37
2026-09-07,locale,pl_PL,1.35
2026-09-07,locale,en,1.32
2026-09-07,locale,tr_TR,0.85
2026-09-07,locale,zh_TW,0.68
2026-09-07,locale,en_IN,0.64
2026-09-07,locale,cs_CZ,0.63
2026-09-07,locale,en_AU,0.61
2026-09-07,locale,sv_SE,0.60
2026-09-07,locale,en_CA,0.59
2026-09-07,locale,uk_UA,0.44
2026-09-07,locale,pt_PT,0.36
2026-09-07,locale,da_DK,0.34
2026-09-07,locale,hu_HU,0.33
2026-09-07,locale,nb_NO,0.27
2026-09-07,locale,fr_CA,0.22
2026-09-07,locale,de_AT,0.20
2026-09-07,locale,fi_FI,0.20
2026-09-07,locale,sk_SK,0.19
2026-09-07,locale,en_DE,0.17
2026-09-07,locale,de_CH,0.16
2026-09-07,locale,de,0.15
2026-09-07,locale,en_NL,0.14
2026-09-07,locale,en_NZ,0.10
2026-09-07,locale,en_ZA,0.10
2026-09-07,locale,el_GR,0.09
2026-09-07,locale,es_AR,0.08
2026-09-07,locale,th_TH,0.07
2026-09-07,locale,nl_BE,0.07
2026-09-07,locale,fr,0.07
2026-09-07,locale,ar_SA,0.07
2026-09-07,locale,en_IL,0.06
2026-09-07,locale,en_PH,0.06
2026-09-07,locale,en_IE,0.06
2026-09-07,locale,sl_SI,0.06
2026-09-07,locale,en_CH,0.06
2026-09-07,locale,fr_BE,0.06
2026-09-07,locale,en_SE,0.05
2026-09-07,locale,en_ID,0.05
2026-09-14,os,Raspberry Pi OS (64-bit),37.23
2026-09-14,os,Raspberry Pi OS (other),25.80
2026-09-14,os,Home Assistant,6.58
2026-09-14,os,Raspberry Pi OS (32-bit),6.31
2026-09-14,os,Ubuntu,5.97
2026-09-14,os,"Raspberry Pi OS (Legacy, 32-bit)",1.88
2026-09-14,os,Bootloader (Pi 4 family),1.86
2026-09-14,os,Recalbox,1.82
2026-09-14,os,RetroPie,1.41
2026-09-14,os,Bootloader (Pi 5 family),1.20
2026-09-14,os,OctoPi,1.15
2026-09-14,os,DietPi,0.99
2026-09-14,os,LibreELEC,0.95
2026-09-14,os,Mainsail OS,0.88
2026-09-14,os,Kali Linux,0.73
2026-09-14,os,moOde audio player,0.68
2026-09-14,os,Armbian OS,0.45
2026-09-14,os,Volumio,0.39
2026-09-14,os,PINN,0.38
2026-09-14,os,Android by emteria,0.31
2026-09-14,os,Alpine Linux,0.30
2026-09-14,os,Homebridge,0.29
2026-09-14,os,DAKboard,0.23
2026-09-14,os,piCorePlayer,0.23
2026-09-14,os,OSMC,0.22
2026-09-14,os,Anthias,0.20
2026-09-14,os,FullPageOS,0.20
2026-09-14,os,RaspAP,0.17
2026-09-14,os,Falcon Player (FPP),0.13
2026-09-14,os,Bass ARM (Android),0.11
2026-09-14,os,evcc,0.11
2026-09-14,os,OpenCCU,0.09
2026-09-14,os,Ultramarine Linux,0.09
2026-09-14,os,RISC OS Pi,0.09
2026-09-14,os,OctoKlipperPi,0.09
2026-09-14,os,openHAB,0.09
2026-09-14,os,ADS-B Feeder Image,0.06
2026-09-14,os,Gladys Assistant,0.05
2026-09-14,os,Homey Self-Hosted Server,0.04
2026-09-14,os,Yodeck Digital Signage,0.04
2026-09-14,os,"SimplyPrint - 3D print anywhere, smarter",0.04
2026-09-14,os,eBlockerOS,0.03
2026-09-14,os,FreedomBox,0.03
2026-09-14,os,Apertis,0.02
2026-09-14,os,MoodleBox,0.02
2026-09-14,os,Screenly Digital Signage,0.02
2026-09-14,os,SatNOGS,0.02
2026-09-14,os,LoLaOS,0.02
2026-09-14,os,Misc utility images,0.01
2026-09-14,os,Repetier-Server,0.01
2026-09-14,os,3DPrinterOS,0.01
2026-09-14,host_arch,x86_64,82.95
2026-09-14,host_arch,arm64,16.95
2026-09-14,host_arch,arm,0.07
2026-09-14,host_arch,i386,0.03
2026-09-14,locale,en_US,42.33
2026-09-14,locale,de_DE,12.11
2026-09-14,locale,en_GB,9.63
2026-09-14,locale,fr_FR,4.77
2026-09-14,locale,zh_CN,3.44
2026-09-14,locale,es_ES,2.75
2026-09-14,locale,ja_JP,2.57
2026-09-14,locale,ru_RU,2.35
2026-09-14,locale,pt_BR,2.05
2026-09-14,locale,it_IT,1.92
2026-09-14,locale,nl_NL,1.62
2026-09-14,locale,ko_KR,1.55
2026-09-14,locale,es_MX,1.39
2026-09-14,locale,pl_PL,1.35
2026-09-14,locale,en,1.27
2026-09-14,locale,tr_TR,0.85
2026-09-14,locale,zh_TW,0.75
2026-09-14,locale,cs_CZ,0.63
2026-09-14,locale,en_IN,0.62
2026-09-14,locale,sv_SE,0.62
2026-09-14,locale,en_AU,0.58
2026-09-14,locale,en_CA,0.58
2026-09-14,locale,uk_UA,0.46
2026-09-14,locale,da_DK,0.36
2026-09-14,locale,pt_PT,0.34
2026-09-14,locale,hu_HU,0.34
2026-09-14,locale,nb_NO,0.26
2026-09-14,locale,fr_CA,0.22
2026-09-14,locale,de_AT,0.20
2026-09-14,locale,fi_FI,0.20
2026-09-14,locale,sk_SK,0.19
2026-09-14,locale,de,0.17
2026-09-14,locale,en_DE,0.17
2026-09-14,locale,de_CH,0.16
2026-09-14,locale,en_NL,0.14
2026-09-14,locale,en_ZA,0.10
2026-09-14,locale,en_NZ,0.09
2026-09-14,locale,el_GR,0.08
2026-09-14,locale,es_AR,0.07
2026-09-14,locale,th_TH,0.07
2026-09-14,locale,nl_BE,0.07
2026-09-14,locale,fr,0.07
2026-09-14,locale,en_IE,0.07
2026-09-14,locale,en_PH,0.07
2026-09-14,locale,ar_SA,0.07
2026-09-14,locale,en_IL,0.06
2026-09-14,locale,fr_BE,0.06
2026-09-14,locale,en_CH,0.05
2026-09-14,locale,sl_SI,0.05
2026-09-14,locale,en_SE,0.05
2026-09-14,locale,ca_ES,0.05
2026-09-21,os,Raspberry Pi OS (64-bit),38.30
2026-09-21,os,Raspberry Pi OS (other),25.77
2026-09-21,os,Home Assistant,6.36
2026-09-21,os,Raspberry Pi OS (32-bit),6.23
2026-09-21,os,Ubuntu,5.89
2026-09-21,os,"Raspberry Pi OS (Legacy, 32-bit)",1.85
2026-09-21,os,Bootloader (Pi 4 family),1.79
2026-09-21,os,Recalbox,1.76
2026-09-21,os,RetroPie,1.37
2026-09-21,os,Bootloader (Pi 5 family),1.15
2026-09-21,os,OctoPi,1.10
2026-09-21,os,LibreELEC,0.96
2026-09-21,os,DietPi,0.95
2026-09-21,os,Mainsail OS,0.84
2026-09-21,os,Kali Linux,0.69
2026-09-21,os,moOde audio player,0.64
2026-09-21,os,Armbian OS,0.43
2026-09-21,os,Volumio,0.37
2026-09-21,os,PINN,0.36
2026-09-21,os,Android by emteria,0.29
2026-09-21,os,Alpine Linux,0.28
2026-09-21,os,Homebridge,0.28
2026-09-21,os,piCorePlayer,0.22
2026-09-21,os,DAKboard,0.21
2026-09-21,os,OSMC,0.20
2026-09-21,os,FullPageOS,0.19
2026-09-21,os,Anthias,0.18
2026-09-21,os,RaspAP,0.15
2026-09-21,os,Falcon Player (FPP),0.14
2026-09-21,os,Bass ARM (Android),0.11
2026-09-21,os,evcc,0.10
2026-09-21,os,OpenCCU,0.10
2026-09-21,os,RISC OS Pi,0.08
2026-09-21,os,OctoKlipperPi,0.08
2026-09-21,os,openHAB,0.07
2026-09-21,os,Ultramarine Linux,0.07
2026-09-21,os,ADS-B Feeder Image,0.05
2026-09-21,os,Gladys Assistant,0.04
2026-09-21,os,Homey Self-Hosted Server,0.04
2026-09-21,os,Yodeck Digital Signage,0.04
2026-09-21,os,"SimplyPrint - 3D print anywhere, smarter",0.04
2026-09-21,os,FreedomBox,0.03
2026-09-21,os,eBlockerOS,0.03
2026-09-21,os,Apertis,0.02
2026-09-21,os,MoodleBox,0.02
2026-09-21,os,SatNOGS,0.02
2026-09-21,os,Screenly Digital Signage,0.02
2026-09-21,os,LoLaOS,0.02
2026-09-21,os,Repetier-Server,0.01
2026-09-21,os,Misc utility images,0.01
2026-09-21,os,3DPrinterOS,0.01
2026-09-21,host_arch,x86_64,83.33
2026-09-21,host_arch,arm64,16.57
2026-09-21,host_arch,arm,0.07
2026-09-21,host_arch,i386,0.03
2026-09-21,locale,en_US,41.95
2026-09-21,locale,de_DE,12.22
2026-09-21,locale,en_GB,9.61
2026-09-21,locale,fr_FR,4.79
2026-09-21,locale,zh_CN,3.62
2026-09-21,locale,es_ES,2.77
2026-09-21,locale,ja_JP,2.61
2026-09-21,locale,ru_RU,2.34
2026-09-21,locale,pt_BR,2.03
2026-09-21,locale,it_IT,1.96
2026-09-21,locale,ko_KR,1.70
2026-09-21,locale,nl_NL,1.64
2026-09-21,locale,pl_PL,1.35
2026-09-21,locale,es_MX,1.35
2026-09-21,locale,en,1.18
2026-09-21,locale,tr_TR,0.84
2026-09-21,locale,zh_TW,0.81
2026-09-21,locale,cs_CZ,0.64
2026-09-21,locale,en_IN,0.62
2026-09-21,locale,sv_SE,0.62
2026-09-21,locale,en_AU,0.56
2026-09-21,locale,en_CA,0.55
2026-09-21,locale,uk_UA,0.47
2026-09-21,locale,da_DK,0.38
2026-09-21,locale,hu_HU,0.34
2026-09-21,locale,pt_PT,0.33
2026-09-21,locale,nb_NO,0.26
2026-09-21,locale,fr_CA,0.22
2026-09-21,locale,fi_FI,0.21
2026-09-21,locale,de_AT,0.20
2026-09-21,locale,sk_SK,0.17
2026-09-21,locale,en_DE,0.17
2026-09-21,locale,de,0.16
2026-09-21,locale,de_CH,0.16
2026-09-21,locale,en_NL,0.14
2026-09-21,locale,el_GR,0.09
2026-09-21,locale,en_NZ,0.09
2026-09-21,locale,en_ZA,0.09
2026-09-21,locale,fr,0.07
2026-09-21,locale,es_AR,0.07
2026-09-21,locale,en_IE,0.07
2026-09-21,locale,th_TH,0.06
2026-09-21,locale,nl_BE,0.06
2026-09-21,locale,ar_SA,0.06
2026-09-21,locale,en_IL,0.06
2026-09-21,locale,en_PH,0.06
2026-09-21,locale,sl_SI,0.06
2026-09-21,locale,en_SG,0.05
2026-09-21,locale,fr_BE,0.05
2026-09-21,locale,en_CH,0.05
2026-09-21,locale,en_SE,0.05
2026-09-28,os,Raspberry Pi OS (64-bit),38.90
2026-09-28,os,Raspberry Pi OS (other),25.73
2026-09-28,os,Home Assistant,6.26
2026-09-28,os,Raspberry Pi OS (32-bit),6.19
2026-09-28,os,Ubuntu,5.85
2026-09-28,os,"Raspberry Pi OS (Legacy, 32-bit)",1.83
2026-09-28,os,Bootloader (Pi 4 family),1.76
2026-09-28,os,Recalbox,1.75
2026-09-28,os,RetroPie,1.32
2026-09-28,os,Bootloader (Pi 5 family),1.12
2026-09-28,os,OctoPi,1.06
2026-09-28,os,LibreELEC,0.95
2026-09-28,os,DietPi,0.92
2026-09-28,os,Mainsail OS,0.85
2026-09-28,os,Kali Linux,0.66
2026-09-28,os,moOde audio player,0.63
2026-09-28,os,Armbian OS,0.42
2026-09-28,os,Volumio,0.37
2026-09-28,os,PINN,0.35
2026-09-28,os,Android by emteria,0.28
2026-09-28,os,Alpine Linux,0.27
2026-09-28,os,Homebridge,0.26
2026-09-28,os,piCorePlayer,0.22
2026-09-28,os,DAKboard,0.20
2026-09-28,os,OSMC,0.19
2026-09-28,os,FullPageOS,0.19
2026-09-28,os,Anthias,0.18
2026-09-28,os,RaspAP,0.15
2026-09-28,os,Falcon Player (FPP),0.14
2026-09-28,os,OpenCCU,0.11
2026-09-28,os,evcc,0.10
2026-09-28,os,Bass ARM (Android),0.10
2026-09-28,os,OctoKlipperPi,0.09
2026-09-28,os,RISC OS Pi,0.08
2026-09-28,os,openHAB,0.07
2026-09-28,os,Ultramarine Linux,0.06
2026-09-28,os,ADS-B Feeder Image,0.05
2026-09-28,os,Gladys Assistant,0.04
2026-09-28,os,Yodeck Digital Signage,0.04
2026-09-28,os,Homey Self-Hosted Server,0.04
2026-09-28,os,"SimplyPrint - 3D print anywhere, smarter",0.04
2026-09-28,os,eBlockerOS,0.03
2026-09-28,os,FreedomBox,0.03
2026-09-28,os,MoodleBox,0.02
2026-09-28,os,Apertis,0.02
2026-09-28,os,SatNOGS,0.02
2026-09-28,os,LoLaOS,0.02
2026-09-28,os,Screenly Digital Signage,0.01
2026-09-28,os,Repetier-Server,0.01
2026-09-28,os,Misc utility images,0.01
2026-09-28,os,3DPrinterOS,0.01
2026-09-28,host_arch,x86_64,83.39
2026-09-28,host_arch,arm64,16.51
2026-09-28,host_arch,arm,0.07
2026-09-28,host_arch,i386,0.03
2026-09-28,locale,en_US,41.79
2026-09-28,locale,de_DE,12.24
2026-09-28,locale,en_GB,9.57
2026-09-28,locale,fr_FR,4.80
2026-09-28,locale,zh_CN,3.76
2026-09-28,locale,es_ES,2.79
2026-09-28,locale,ja_JP,2.69
2026-09-28,locale,ru_RU,2.36
2026-09-28,locale,pt_BR,1.97
2026-09-28,locale,it_IT,1.96
2026-09-28,locale,ko_KR,1.67
2026-09-28,locale,nl_NL,1.66
2026-09-28,locale,pl_PL,1.38
2026-09-28,locale,es_MX,1.33
2026-09-28,locale,en,1.16
2026-09-28,locale,zh_TW,0.81
2026-09-28,locale,tr_TR,0.81
2026-09-28,locale,cs_CZ,0.64
2026-09-28,locale,en_IN,0.64
2026-09-28,locale,sv_SE,0.62
2026-09-28,locale,en_CA,0.55
2026-09-28,locale,en_AU,0.53
2026-09-28,locale,uk_UA,0.49
2026-09-28,locale,da_DK,0.38
2026-09-28,locale,hu_HU,0.36
2026-09-28,locale,pt_PT,0.33
2026-09-28,locale,nb_NO,0.26
2026-09-28,locale,fr_CA,0.23
2026-09-28,locale,fi_FI,0.20
2026-09-28,locale,de_AT,0.20
2026-09-28,locale,sk_SK,0.18
2026-09-28,locale,en_DE,0.17
2026-09-28,locale,de,0.17
2026-09-28,locale,de_CH,0.15
2026-09-28,locale,en_NL,0.14
2026-09-28,locale,el_GR,0.09
2026-09-28,locale,en_NZ,0.09
2026-09-28,locale,en_ZA,0.08
2026-09-28,locale,en_IE,0.07
2026-09-28,locale,ar_SA,0.07
2026-09-28,locale,es_AR,0.07
2026-09-28,locale,fr,0.06
2026-09-28,locale,nl_BE,0.06
2026-09-28,locale,en_PH,0.06
2026-09-28,locale,sl_SI,0.06
2026-09-28,locale,th_TH,0.06
2026-09-28,locale,en_IL,0.06
2026-09-28,locale,fr_BE,0.06
2026-09-28,locale,en_SE,0.05
2026-09-28,locale,en_CH,0.05
2026-09-28,locale,en_SG,0.05
2026-10-05,os,Raspberry Pi OS (64-bit),39.36
2026-10-05,os,Raspberry Pi OS (other),25.85
2026-10-05,os,Home Assistant,6.17
2026-10-05,os,Raspberry Pi OS (32-bit),6.15
2026-10-05,os,Ubuntu,5.76
2026-10-05,os,"Raspberry Pi OS (Legacy, 32-bit)",1.78
2026-10-05,os,Bootloader (Pi 4 family),1.74
2026-10-05,os,Recalbox,1.71
2026-10-05,os,RetroPie,1.28
2026-10-05,os,Bootloader (Pi 5 family),1.10
2026-10-05,os,OctoPi,1.06
2026-10-05,os,LibreELEC,0.93
2026-10-05,os,DietPi,0.90
2026-10-05,os,Mainsail OS,0.82
2026-10-05,os,Kali Linux,0.64
2026-10-05,os,moOde audio player,0.62
2026-10-05,os,Armbian OS,0.41
2026-10-05,os,Volumio,0.38
2026-10-05,os,PINN,0.34
2026-10-05,os,Alpine Linux,0.26
2026-10-05,os,Android by emteria,0.26
2026-10-05,os,Homebridge,0.24
2026-10-05,os,piCorePlayer,0.23
2026-10-05,os,DAKboard,0.19
2026-10-05,os,FullPageOS,0.18
2026-10-05,os,OSMC,0.18
2026-10-05,os,Anthias,0.17
2026-10-05,os,Falcon Player (FPP),0.15
2026-10-05,os,RaspAP,0.14
2026-10-05,os,OpenCCU,0.10
2026-10-05,os,evcc,0.10
2026-10-05,os,Bass ARM (Android),0.10
2026-10-05,os,OctoKlipperPi,0.08
2026-10-05,os,RISC OS Pi,0.08
2026-10-05,os,Ultramarine Linux,0.06
2026-10-05,os,openHAB,0.06
2026-10-05,os,ADS-B Feeder Image,0.05
2026-10-05,os,Yodeck Digital Signage,0.04
2026-10-05,os,Gladys Assistant,0.04
2026-10-05,os,"SimplyPrint - 3D print anywhere, smarter",0.04
2026-10-05,os,Homey Self-Hosted Server,0.03
2026-10-05,os,FreedomBox,0.03
2026-10-05,os,eBlockerOS,0.03
2026-10-05,os,Apertis,0.02
2026-10-05,os,SatNOGS,0.02
2026-10-05,os,MoodleBox,0.02
2026-10-05,os,LoLaOS,0.02
2026-10-05,os,Repetier-Server,0.02
2026-10-05,os,Screenly Digital Signage,0.01
2026-10-05,os,Misc utility images,0.01
2026-10-05,os,3DPrinterOS,0.01
2026-10-05,host_arch,x86_64,83.39
2026-10-05,host_arch,arm64,16.50
2026-10-05,host_arch,arm,0.08
2026-10-05,host_arch,i386,0.03
2026-10-05,locale,en_US,41.74
2026-10-05,locale,de_DE,12.26
2026-10-05,locale,en_GB,9.48
2026-10-05,locale,fr_FR,4.84
2026-10-05,locale,zh_CN,3.65
2026-10-05,locale,es_ES,2.86
2026-10-05,locale,ja_JP,2.79
2026-10-05,locale,ru_RU,2.43
2026-10-05,locale,it_IT,1.97
2026-10-05,locale,pt_BR,1.97
2026-10-05,locale,nl_NL,1.66
2026-10-05,locale,ko_KR,1.63
2026-10-05,locale,pl_PL,1.38
2026-10-05,locale,es_MX,1.31
2026-10-05,locale,en,1.15
2026-10-05,locale,zh_TW,0.82
2026-10-05,locale,tr_TR,0.80
2026-10-05,locale,cs_CZ,0.64
2026-10-05,locale,en_IN,0.63
2026-10-05,locale,sv_SE,0.63
2026-10-05,locale,en_CA,0.55
2026-10-05,locale,en_AU,0.54
2026-10-05,locale,uk_UA,0.52
2026-10-05,locale,da_DK,0.39
2026-10-05,locale,hu_HU,0.37
2026-10-05,locale,pt_PT,0.31
2026-10-05,locale,nb_NO,0.26
2026-10-05,locale,fr_CA,0.22
2026-10-05,locale,fi_FI,0.20
2026-10-05,locale,de_AT,0.19
2026-10-05,locale,sk_SK,0.18
2026-10-05,locale,en_DE,0.18
2026-10-05,locale,de,0.16
2026-10-05,locale,de_CH,0.16
2026-10-05,locale,en_NL,0.14
2026-10-05,locale,el_GR,0.09
2026-10-05,locale,en_NZ,0.09
2026-10-05,locale,en_ZA,0.08
2026-10-05,locale,en_IE,0.07
2026-10-05,locale,es_AR,0.07
2026-10-05,locale,ar_SA,0.07
2026-10-05,locale,fr,0.07
2026-10-05,locale,nl_BE,0.06
2026-10-05,locale,en_IL,0.06
2026-10-05,locale,en_SE,0.06
2026-10-05,locale,sl_SI,0.06
2026-10-05,locale,en_PH,0.06
2026-10-05,locale,fr_BE,0.05
2026-10-05,locale,ca_ES,0.05
2026-10-05,locale,en_SG,0.05
2026-10-05,locale,vi_VN,0.05
